FirstName,LastName,State,City,Phone,Address,
Forrest,Smith,CA,San Diego,858-613-7961,110 Grantham Drive,
Rahul,Boppana,CA,San Diego,858-357-6966,16 Dina Lane,
Justin,Chan,CA,San Diego,858-248-2777,16 Warriors Way,
Daniel,Adelman,CA,San Diego,858-318-8763,3 Corwen Ct,
Albert,Kraus,CA,San Diego,858-425-6943,5 Domino Road,
Hunter,Cardenas,GA,Atlanta,404-006-8287,371 Coventry Ln,
Kade,Olson,GA,Austin,404-758-3657,402 Alvord St,
Sydney,Park,GA,Baltimore,404-008-0758,289 Terrace Walk,
Amiyah,Schwartz,GA,Boston,404-176-3115,580 Summit St,
Iker,Gallegos,GA,Chicago,404-557-9407,70 Silverview Dr,
Lawson,Conner,GA,Cleveland,404-251-6773,512 Magnolia St,
Moises,Hale,GA,Colorado Springs,404-628-6292,450 Wetmore St,
Cayden,Tate,GA,Dallas,404-618-9636,14 Hunters Point Expy,
Alivia,Irwin,GA,Denver,404-507-3474,506 Perimeter Path,
Eliana,Golden,GA,Detroit,404-047-1662,657 Vernon St,
Jose,Bass,GA,El Paso,404-475-2351,206 Niantic Ave,
Sylvia,Mitchell,GA,Houston,404-237-3682,906 Executive Park Blvd,
Addilyn,Downs,GA,Jacksonville,404-276-8160,956 Boutwell St,
Lucille,Burch,GA,Kansas City,404-036-3694,721 Moncada Way,
Willa,Tapia,GA,Las Vegas,404-658-5404,252 Ridge Ct,
Emily,Valdez,GA,Long Beach,404-062-9795,791 Habitat Ter,
Jaxton,Anthony,GA,Los Angeles,404-607-9864,322 Girard Rd,
Rowan,Kirk,GA,Memphis,404-564-3556,207 Yacht Rd,
Giovanni,Benitez,GA,Miami,404-766-2154,586 Arballo Dr,
Adam,Pearson,GA,Minneapolis,404-521-8757,609 Signal Rd,
Aviana,Wilkerson,GA,New Orleans,404-065-2671,928 Tuscany Aly,
Bianca,Riley,GA,New York,404-601-1538,270 Park Hill Ave,
Elliot,Lindsey,GA,Oklahoma City,404-752-3204,905 York St,
Brinley,Hebert,GA,Philadelphia,404-527-3288,304 Dudley Rd,
Maia,Zimmerman,GA,Phoenix,404-774-6179,878 Palos Pl,
Miracle,Mckay,GA,Portland,404-826-5108,583 Pagoda Pl,
Ella,Fisher,GA,Sacramento,404-734-9332,806 Comerford St,
Parker,Glass,GA,San Diego,404-140-2850,768 Battery Chamberlin Rd,
Amari,Curtis,GA,San Francisco,404-764-4527,996 Lucerne St,
Sterling,Murphy,GA,Seattle,404-706-8824,733 Oak St,
Jordan,Bass,FL,Jacksonville,904-643-6517,27 Brunswick St,
Gracie,Espinoza,MA,Boston,617-278-6099,701 Middle Point Rd,
Gabriel,Burgess,MO,Kansas City,816-378-0995,610 Colin P Kelly Jr St,
Evangeline,Rogers,FL,Jacksonville,904-751-5621,63 Krausgrill Pl,
Heidi,Robles,AZ,Phoenix,480-727-3902,300 Myrtle St,
Dalton,Williams,NY,New York,212-601-1299,659 Yerba Buena Rd,
Olive,Shea,WA,Seattle,206-810-5777,227 Waldo Aly,
Emma,Pineda,FL,Long Beach,562-246-5247,989 Daniel Burnham Ct,
Teagan,Flynn,LA,New Orleans,504-041-7558,310 Ellington Ave,
Kimberly,Ayala,CO,Denver,303-882-5462,943 West Point Rd,
Frederick,Houston,WA,Seattle,206-732-7551,248 Mercato Ct,
Jay,Key,TX,El Paso,915-681-9566,409 West Broadway,
Zayne,Barrett,AZ,Phoenix,480-318-0059,898 Sibert Ln,
Tate,Freeman,WA,Seattle,206-101-8582,526 Fair Ave,
Hayden,Mendez,MA,Boston,617-722-0559,71 Havelock St,
Alejandro,Barker,FL,Jacksonville,904-244-9891,464 Galvez Ave,
Lydia,Brennan,OH,Cleveland,216-838-9730,504 Crescent Way,
River,Poole,CO,Colorado Springs,719-813-1007,588 Stilwell Rd,
Dalton,Shannon,TX,Austin,512-582-7016,129 Still St,
Wren,Frey,CA,Los Angeles,213-548-3506,498 Mcallister St,
Hunter,Mann,FL,Jacksonville,904-488-1280,229 Margrave Pl,
Aiden,Frye,WA,Seattle,206-467-6788,366 Nimitz Ave,
Lilith,Trevino,PA,Philadelphia,215-826-1294,285 34th Ave,
Maria,Todd,NY,New York,212-364-0750,345 Lily St,
Dylan,Donaldson,WA,Seattle,206-713-8302,144 Treasury Pl,
Scarlett,Lutz,MI,Detroit,313-051-2346,618 Granada Ave,
Ariah,Orozco,MN,Minneapolis,612-644-2149,622 Red Rock Way,
Paris,Holmes,MA,Boston,617-656-7801,654 Tocoloma Ave,
Grant,Black,OH,Cleveland,216-862-5073,336 Miraloma Dr,
Maximilian,Robinson,IL,Chicago,773-412-2151,335 Trainor St,
Raiden,Olson,MD,Baltimore,443-143-1572,180 San Ramon Way,
Andrea,Flowers,LA,New Orleans,504-817-5470,28 Leona Ter,
Stephanie,Wilkerson,FL,Long Beach,562-723-2198,235 Oceanview Ter,
Xavier,Campos,CO,Colorado Springs,719-630-5942,24 02nd Ave,
Owen,Jones,CA,Los Angeles,213-617-5221,491 Phoenix Ter,
Eloise,Beard,FL,Jacksonville,904-448-4767,880 Guttenberg St,
Ismael,Jackson,IL,Chicago,773-517-8745,40 Malden Aly,
Christina,Norris,TX,El Paso,915-067-6733,563 Rincon St,
Colton,Leonard,OH,Cleveland,216-060-1071,511 Mulford Aly,
Ariyah,Peters,PA,Philadelphia,215-021-7918,517 Burnside Ave,
Marley,Montgomery,GA,Atlanta,404-783-4733,329 I-80 To Hwy 101 Ramp,
Braxton,Forbes,OK,Oklahoma City,405-186-5823,592 Rivas Ave,
Jeremy,Wheeler,FL,Miami,305-007-6424,358 Varney Pl,
Adonis,Kidd,FL,Miami,305-363-7736,342 Oak St,
Bryson,Colon,GA,Atlanta,404-880-7905,246 Mint Plz,
Maliyah,Escobar,CA,San Francisco,628-313-8173,14 I St,
Wade,Lucero,LA,New Orleans,504-286-5418,774 Perry St,
Devin,Lamb,IL,Chicago,773-638-6249,979 Cragmont Ave,
Brynlee,Richardson,TN,Memphis,901-682-0392,719 Reno Pl,
Lia,Dawson,OR,Portland,503-440-5331,646 Lamson Ln,
Levi,Bell,OH,Cleveland,216-088-9799,334 Richland Ave,
Madelynn,Best,OK,Oklahoma City,405-650-1306,246 Edgehill Way,
Daniella,Gomez,CA,Sacramento,916-757-2089,141 Allison St,
Taylor,Sampson,MA,Boston,617-068-9446,884 Pagoda Pl,
Michael,Harper,MN,Minneapolis,612-341-4034,998 Capra Way,
Oakley,Meza,TX,Dallas,214-574-2253,388 Hayward St,
Shane,Warner,AZ,Phoenix,480-303-5673,267 Sawyer St,
Myles,Decker,PA,Philadelphia,215-605-0698,820 Fella Pl,
Henry,Gregory,CA,Sacramento,916-128-3116,798 Baldwin Ct,
Amaya,Baker,GA,Atlanta,404-653-6462,837 Wheat St,
Kayleigh,Brady,FL,Miami,305-472-8864,626 Mizpah St,
Zander,Stephenson,TX,El Paso,915-255-5771,841 Vista Verde Ct,
Sean,Saunders,MO,Kansas City,816-046-5339,808 Crane St,
Braylen,Bender,TN,Memphis,901-578-4250,338 Moore Pl,
Harley,Zimmerman,TN,Memphis,901-220-2770,67 Justin Dr,
Daniel,Armstrong,TX,El Paso,915-747-3891,127 Hotaling Pl,
Luke,Hoffman,OK,Oklahoma City,405-085-0219,297 Thomas Ct,
Tatum,Burns,IL,Chicago,773-803-9416,16 Beideman St,
Andrew,Rivers,TX,Austin,512-314-5345,654 Sweeny St,
Amira,Boyle,CA,Sacramento,916-283-7854,125 Clayton St,
Lincoln,Baird,AZ,Phoenix,480-470-4802,137 Beideman St,
Sawyer,Costa,IL,Chicago,773-272-8668,364 Bernice St,
Hadley,Castro,TX,Dallas,214-358-2625,402 Macarthur Ave,
Nathaniel,Gilbert,MN,Minneapolis,612-270-9416,638 Burritt St,
Princeton,Cooke,TX,Dallas,214-401-0853,369 Rico Way,
Mason,Parsons,WA,Seattle,206-166-1965,741 Santa Rita Ave,
Piper,Coleman,FL,Long Beach,562-167-8552,385 Gibbon Ct,
Kaden,Santana,GA,Atlanta,404-376-2067,742 Junipero Serra Blvd Off Ramp,
Sarai,Hoffman,FL,Jacksonville,904-717-5554,906 Aztec St,
Izabella,Donaldson,OR,Portland,503-588-7294,714 Buchanan St,
Remy,Walsh,TX,El Paso,915-885-4671,91 Hwy 101 Southbound Ramp,
Aaron,Parker,NY,New York,212-077-2276,779 Putnam St,
Bella,Burns,WA,Seattle,206-561-0802,775 Coralino Ln,
Leon,Hardin,OR,Portland,503-846-2207,857 Wawona St,
Madelyn,Meyers,TX,Dallas,214-874-1001,865 Bernal Heights Blvd,
Legend,Lawson,MO,Kansas City,816-824-3853,159 Burnett Ave,
Hazel,Anthony,TX,Austin,512-856-0763,664 Montcalm St,
Marcos,Mcneil,TX,Austin,512-481-7176,707 French Ct,
Madeline,Casey,TX,Austin,512-457-4608,858 Nelson Rising Ln,
Melody,Cobb,OR,Portland,503-421-0617,366 Hooper St,
Hazel,Powers,CO,Colorado Springs,719-723-8320,501 Jessie East St,
Kennedy,Shields,CO,Denver,303-118-2939,41 Mclaren Ave,
Londyn,Hartman,GA,Atlanta,404-110-1783,378 Pemberton Pl,
Jimena,Kane,CA,Los Angeles,213-080-5744,192 Urbano Dr,
Beckham,Wright,CO,Colorado Springs,719-326-4258,253 Delano Ave,
Kian,Parsons,CA,Los Angeles,213-301-1457,692 Darien Way,
Isabella,Cervantes,CA,San Diego,858-153-7035,809 Clearview Ct,
Vanessa,Franklin,FL,Long Beach,562-362-5588,438 Sherman Rd,
Adriel,Duke,LA,New Orleans,504-043-0482,331 Bowman Ct,
Ryan,Beck,WA,Seattle,206-083-5696,545 Flournoy St,
Rafael,Myers,CA,Los Angeles,213-263-4584,71 Quarry Rd,
Edith,Johnston,OH,Cleveland,216-860-9776,143 San Lorenzo Way,
Regina,Brennan,TX,El Paso,915-718-0321,227 Lamartine St,
Jayla,Gould,TN,Memphis,901-502-6545,272 Windsor Pl,
Esmeralda,Ellison,TX,El Paso,915-632-0123,785 Wedemeyer St,
Gianna,Larsen,FL,Long Beach,562-265-1640,723 Dukes Ct,
Patrick,Beard,MO,Kansas City,816-175-6467,561 Clement St,
Amy,Sherman,NY,New York,212-745-1325,685 Boyd St,
Presley,Madden,TN,Memphis,901-763-3422,448 Hubbell St,
Zachariah,Greer,CA,Sacramento,916-515-2699,367 Shafter Ct,
Augustus,Cherry,CA,Los Angeles,213-353-6030,73 Scotland St,
Chase,Murray,OR,Portland,503-351-8846,341 Blythdale Ave,
Amy,Perez,AZ,Phoenix,480-612-8023,781 Marin St,
Brynlee,Baxter,FL,Long Beach,562-371-9745,969 Ramsell St,
Diego,Ryan,PA,Philadelphia,215-786-9159,88 Robinhood Dr,
Greyson,Pacheco,CA,San Francisco,628-572-2675,220 Haight St,
Jude,Mckay,NV,Las Vegas,702-544-4077,225 Chatham Pl,
Skylar,Mcfarland,CO,Denver,303-381-2943,350 Northpoint Dr,
Melanie,Johnson,CA,Sacramento,916-065-5838,230 Behr Ave,
Jace,Oneill,GA,Atlanta,404-388-9923,795 Harry St,
Francisco,Hensley,OK,Oklahoma City,405-075-1498,70 First Dr West,
Margot,Cantu,IL,Chicago,773-170-4471,421 Music Concourse Dr,
Michael,Oneill,AZ,Phoenix,480-326-9979,552 Roemer Way,
Leslie,Kline,MD,Baltimore,443-480-6556,200 Virgil St,
Gracelyn,Dunlap,CA,Sacramento,916-782-4722,402 Young St,
John,Sloan,CO,Colorado Springs,719-568-6014,111 Diana St,
Emmanuel,Navarro,TX,Houston,713-052-1317,801 Burnett Ave North,
Brian,Petty,MN,Minneapolis,612-621-9548,271 02nd St,
Carly,Duffy,NY,New York,212-212-6892,742 Elmwood Way,
Conner,Gutierrez,CA,Sacramento,916-324-7060,798 Waldo Aly,
Chloe,Buck,WA,Seattle,206-447-7696,702 Lori Ln,
Bruce,Stephens,NY,New York,212-075-5353,353 Byron Ct,
Alyssa,Bautista,NY,New York,212-606-0200,457 Hillcrest Ct,
Delaney,Dudley,CO,Colorado Springs,719-208-1107,961 Dorland St,
Camilla,Patrick,TN,Memphis,901-268-3433,746 Chaves Ave,
Vanessa,Todd,LA,New Orleans,504-864-9102,371 Brook St,
Hudson,Cole,IL,Chicago,773-770-6900,634 Magnolia St,
Shelby,Hampton,NV,Las Vegas,702-534-3010,675 Skyline Blvd,
Amiyah,Harmon,OH,Cleveland,216-275-7636,738 Ottawa Ave,
Troy,Conner,GA,Atlanta,404-710-1920,423 Bepler St,
Chandler,Mclean,IL,Chicago,773-373-6601,159 Graystone Ter,
Morgan,Beard,TX,Austin,512-080-5829,342 Storey Ave,
Tatum,Green,TX,El Paso,915-215-9682,3 Sylvan Dr,
Mya,Cobb,OH,Cleveland,216-546-0205,537 Edgehill Way,
Jeffrey,Fritz,CA,Sacramento,916-814-9509,947 Valparaiso St,
Jasper,Hart,TX,Houston,713-031-6723,77 Clarke St,
Ismael,Huerta,CO,Colorado Springs,719-228-3681,369 La Salle Ave,
Averie,Dyer,WA,Seattle,206-534-8706,668 Wyman Ave,
Orion,Wiley,WA,Seattle,206-340-0364,904 Roselyn Ter,
Kash,Lindsey,TX,El Paso,915-646-4059,169 West Point Rd,
Raelyn,Hebert,LA,New Orleans,504-852-4108,743 Exposition Dr,
Tessa,Cowan,GA,Atlanta,404-787-1276,823 Fort Mason 8,
Margot,Chaney,TX,Dallas,214-602-7797,43 Portal Path,
Leo,Marsh,TX,El Paso,915-851-5741,279 Holladay Ave,
Rocco,Wyatt,TX,Austin,512-606-6339,168 Rosemont Pl,
Aria,Wade,AZ,Phoenix,480-078-3535,41 Tuscany Aly,
Porter,Dickson,TX,Houston,713-435-3099,316 Warren Dr,
Blake,Valencia,MD,Baltimore,443-887-2837,300 Decatur St,
Rowan,Huerta,PA,Philadelphia,215-225-0149,764 Ora Way,
Gracie,Baird,OH,Cleveland,216-432-2726,958 Bertie Minor Ln,
Weston,Reese,MO,Kansas City,816-441-2605,795 Magnolia St,
Leonel,Bolton,OH,Cleveland,216-271-3848,428 Louisburg St,
Jax,Stanley,CO,Denver,303-767-6834,746 Angelos Aly,
Jude,Harrison,TN,Memphis,901-702-3879,682 Second Dr,
Adan,Flores,TX,Dallas,214-840-7072,434 State Dr,
Sophia,Wall,FL,Miami,305-570-4701,880 Palace Dr,
Chelsea,Burch,CA,San Francisco,628-356-7712,833 I-280 N Off Ramp,
Knox,Reilly,NV,Las Vegas,702-571-7807,170 Quintara St,
Abigail,Browning,CA,San Francisco,628-812-2298,180 Giants Dr,
Otto,Watson,CA,Sacramento,916-603-2674,758 Chilton Ave,
Theodore,Bryan,PA,Philadelphia,215-873-7825,957 Grand View Ter,
King,Shea,PA,Philadelphia,215-422-0162,971 Nido Ave,
Spencer,Huerta,CA,Los Angeles,213-344-8328,723 Butte Pl,
Raelyn,Leon,LA,New Orleans,504-512-7512,598 Hawes St,
Jordyn,Archer,WA,Seattle,206-558-1053,575 I-80 To Hwy 101 Ramp,
Mary,Shelton,FL,Long Beach,562-517-2863,258 Corwin St,
Archer,Daniels,NV,Las Vegas,702-173-7553,815 Waverly Pl,
Nylah,Chung,TN,Memphis,901-613-7805,676 Pope Rd,
Connor,Reilly,NY,New York,212-384-4070,319 Oloran Ave,
Daniel,Crane,WA,Seattle,206-774-6511,588 San Aleso Ave,
Princeton,Riley,TX,Houston,713-451-1030,918 Clipper Cove Way,
Tristan,Potts,TX,Houston,713-116-4197,136 John F Kennedy Dr,
Aden,Romero,AZ,Phoenix,480-113-7895,643 Fenton Ln,
Elle,Patel,CA,San Francisco,628-620-1848,620 Birchwood Ct,
Mohamed,Wiley,CA,Los Angeles,213-467-8194,237 Hwy 101 To I-280 Ramp,
Jeremy,Velasquez,NV,Las Vegas,702-674-8771,364 Drumm St,
Edgar,Cowan,TN,Memphis,901-755-5382,467 Beulah St,
Kaiden,Warner,CA,Sacramento,916-203-3189,61 Woodland Ave,
Elliana,Powell,TN,Memphis,901-382-3877,803 Don Chee Way,
Brody,Lowery,WA,Seattle,206-132-9816,550 Saturn St,
Joy,Joseph,IL,Chicago,773-184-4261,968 Brush Pl,
Felix,Guerrero,CO,Colorado Springs,719-804-5451,503 Walker Ct,
Asher,Ray,TN,Memphis,901-047-2488,881 Vine Ter,
Ezequiel,Hinton,OR,Portland,503-723-2580,55 California Ave,
Maverick,Dudley,AZ,Phoenix,480-537-2609,280 Wilmot St,
Malcolm,Walters,TX,Dallas,214-042-1773,396 Saint Germain Ave,
Savannah,Maxwell,CA,Los Angeles,213-137-9023,829 Lawrence Ave,
Robert,Shannon,TX,Austin,512-713-6338,252 Munich St,
Carson,Chambers,GA,Atlanta,404-466-1783,182 Kohler Pl,
Peyton,Wheeler,FL,Jacksonville,904-458-1924,51 Leidesdorff St,
Kiara,Cooke,MA,Boston,617-830-8961,643 Cross St,
Cooper,Hickman,MN,Minneapolis,612-337-6553,448 Stoneman St,
April,Ponce,NV,Las Vegas,702-158-5633,214 Dow Pl,
Collin,Decker,MA,Boston,617-816-9888,894 Decatur St,
Kyle,Zamora,GA,Atlanta,404-430-0312,639 Skyview Way,
Serena,Ellis,FL,Long Beach,562-672-3935,670 De Soto St,
Sterling,Frey,GA,Atlanta,404-318-5384,516 Willard St,
Jason,Fernandez,FL,Jacksonville,904-616-4003,381 Navajo Ave,
Princeton,Wilson,NY,New York,212-721-9624,73 Daniel Burnham Ct,
Nasir,Estes,MI,Detroit,313-647-9160,143 Quartz Way,
Vincent,Dalton,GA,Atlanta,404-340-2851,149 Moscow St,
Nasir,Ryan,GA,Atlanta,404-833-5692,577 Yukon St,
Connor,Arnold,OH,Cleveland,216-828-7567,131 Hahn St,
Carlos,Hoover,TX,El Paso,915-773-8243,921 Ellsworth St,
Grady,Guzman,OH,Cleveland,216-360-2905,136 Colin Pl,
Sage,Richmond,TX,Dallas,214-646-5086,610 Oneida Ave,
Camden,Cantrell,CO,Colorado Springs,719-102-4342,445 Mission Bay Blvd South,
Justin,Wheeler,LA,New Orleans,504-150-2303,756 Ecker St,
Noel,Robertson,CA,Los Angeles,213-328-7189,697 South Hughes Ln,
Amanda,Mora,CO,Denver,303-553-5577,969 Tulare St,
Harper,Turner,OK,Oklahoma City,405-261-8433,578 Parnassus Ave,
Ashlyn,Brady,PA,Philadelphia,215-575-2906,114 Apollo St,
Reid,Wade,NV,Las Vegas,702-001-8245,219 Cashmere St,
Trenton,Mccall,FL,Jacksonville,904-306-9921,631 Inca Ln,
Javier,Chaney,OH,Cleveland,216-481-6062,803 Sagamore St,
Xander,Gordon,FL,Miami,305-746-2277,822 Newman St,
Dexter,Jackson,CA,San Francisco,628-162-9920,485 Young St,
Adeline,Burns,TX,Dallas,214-482-1855,101 Walkway,
Ezequiel,Whitney,CA,Los Angeles,213-755-0635,941 Hopkins Ave,
Corey,Tapia,CA,San Diego,858-170-9273,994 Lettuce Ln,
Piper,Ryan,CO,Colorado Springs,719-730-5445,125 Mclaren Ave,
Skylar,Nguyen,CA,San Diego,858-608-3915,676 Paul Ave,
Brycen,Butler,TN,Memphis,901-301-6254,273 Natoma St,
Winston,Martinez,GA,Atlanta,404-336-0645,327 University St,
Maeve,Horne,CA,San Diego,858-865-2286,660 Whitney St,
Rhett,Huerta,TX,Houston,713-736-7124,546 Roselyn Ter,
Emersyn,Bryan,TN,Memphis,901-330-5378,527 I-80 E Off Ramp,
Isaiah,York,FL,Jacksonville,904-288-0247,873 Chula Ln,
Rory,Pennington,MN,Minneapolis,612-174-9438,108 Justin Dr,
Lauren,Melton,CO,Colorado Springs,719-673-7116,256 Madrone Ave,
Jayceon,Peters,CA,San Diego,858-203-0477,479 Temescal Ter,
Avery,Reynolds,CA,San Francisco,628-855-6961,623 Rhine St,
Cassidy,Montgomery,MI,Detroit,313-300-1765,583 Elmira St,
Valentina,Flynn,CO,Colorado Springs,719-681-7903,422 Junior Ter,
Sofia,Harrington,AZ,Phoenix,480-084-2699,475 La Avanzada,
Summer,Solomon,TN,Memphis,901-342-5540,230 Storrie St,
Eliana,Wallace,OK,Oklahoma City,405-521-3410,105 Topaz Way,
Warren,Obrien,MA,Boston,617-417-5365,10 Jewett St,
Phoenix,Compton,TX,Dallas,214-451-6275,132 Ewing Ter,
Vivienne,George,OH,Cleveland,216-204-9574,423 Almaden Ct,
Ariah,Garcia,MN,Minneapolis,612-714-9241,672 Laskie St,
Sterling,Mcconnell,TN,Memphis,901-250-4335,929 Molimo Dr,
Ivan,Mccarthy,OR,Portland,503-147-2291,708 Commercial St,
Kayleigh,Beard,MD,Baltimore,443-003-3843,514 39th Ave,
Sofia,Cline,MA,Boston,617-202-4186,419 Ortega St,
Jason,Vaughn,OK,Oklahoma City,405-744-9097,383 Junipero Serra Blvd,
Theodore,Archer,CO,Colorado Springs,719-877-0693,557 I-80 W On Ramp,
Austin,Dickerson,CA,Los Angeles,213-482-9060,179 Mallorca Way,
Jaxson,Cervantes,GA,Atlanta,404-358-9919,265 Wilson St,
Maryam,Hudson,CA,Sacramento,916-720-4630,274 Bonifacio St,
Nayeli,Mcdaniel,NY,New York,212-311-5574,449 Franklin St,
Logan,Calhoun,FL,Miami,305-541-0720,439 Morningside Dr,
Kaden,Kane,TX,Dallas,214-187-3665,630 Troy Aly,
Caleb,Mason,FL,Jacksonville,904-562-9101,772 New Montgomery St,
Kyson,Irwin,TX,Dallas,214-711-0292,1 Helen St,
Milo,Vang,TX,Houston,713-710-7221,58 I St,
Dakota,Burnett,CO,Colorado Springs,719-642-0259,50 York St,
Lilly,Dunn,MD,Baltimore,443-277-4569,385 Amador St,
Eli,Hendricks,FL,Miami,305-882-0449,704 Milton St,
Camilla,Mercado,CO,Colorado Springs,719-851-8526,876 Hopkins Ave,
Aspen,Blair,FL,Jacksonville,904-136-0299,491 Zoo Rd,
Rosemary,Pena,FL,Long Beach,562-681-3241,569 Reno Pl,
Titus,Walters,NV,Las Vegas,702-761-9908,186 Talbert Ct,
Roberto,Bowman,TX,El Paso,915-726-5779,926 Halyburton Ct,
Zuri,Cooley,NV,Las Vegas,702-835-7955,887 Naylor St,
Garrett,Frey,LA,New Orleans,504-478-1166,387 Bercut Access Rd,
Hector,Landry,NV,Las Vegas,702-458-2175,760 Muir Loop,
Malcolm,Summers,CO,Denver,303-306-4961,865 West Clay St,
Declan,Parrish,AZ,Phoenix,480-742-2984,111 Bella Vista Way,
Holden,Hunter,TX,El Paso,915-324-9191,187 Battery Crosby Rd,
Melanie,Gutierrez,CA,San Francisco,628-630-4069,754 Bayside Dr,
Zane,Lawrence,MD,Baltimore,443-365-7246,513 Rosella Ct,
Zachariah,Michael,NV,Las Vegas,702-445-3193,711 Quebec Ave,
Saylor,Hebert,AZ,Phoenix,480-161-3565,227 Emery Ln,
Isabella,Lin,IL,Chicago,773-564-8255,754 Faith St,
Riley,Ferguson,OR,Portland,503-401-6083,815 Dakota St,
Theo,Weeks,WA,Seattle,206-478-7397,727 Knott Ct,
Zara,Cantu,FL,Long Beach,562-673-6590,499 Clover Ln,
Nora,Herman,OR,Portland,503-647-7454,755 Junipero Serra Blvd,
Nehemiah,Durham,OR,Portland,503-308-2382,394 North 15th Ave,
Itzel,Petty,CA,San Francisco,628-287-4767,274 Bellevue Ave,
Celeste,Bautista,LA,New Orleans,504-614-3262,911 Webb Pl,
Grant,Shepherd,MI,Detroit,313-744-5039,43 Nadell Ct,
Angela,Bryan,CO,Denver,303-604-3638,397 I-280 Northbound,
Eduardo,Pratt,OR,Portland,503-786-4366,645 Saint Josephs Ave,
Nevaeh,Solomon,NY,New York,212-871-1170,965 Funston Ave,
David,Delgado,MD,Baltimore,443-155-0437,900 Hilton St,
Nora,Townsend,TX,Houston,713-342-7053,622 Innes Ave,
Joel,Blackburn,CO,Denver,303-778-0660,459 Paramount Ter,
Makenna,Avila,TX,Dallas,214-402-2891,20 Jones St,
Hudson,Farley,TX,Dallas,214-460-3103,232 Nelson Rising Ln,
Kason,Cardenas,TN,Memphis,901-405-1876,30 Division St,
Jamison,Maldonado,FL,Long Beach,562-105-0395,910 Richland Ave,
Kimberly,Serrano,MI,Detroit,313-720-8297,339 Kenneth Rexroth Pl,
Piper,Mcfarland,MD,Baltimore,443-375-5299,78 East Crystal Cove Ter,
Maggie,Cervantes,MD,Baltimore,443-323-8771,598 San Lorenzo Way,
Daniela,Mosley,FL,Long Beach,562-677-5548,751 Wool Ct,
King,Phelps,TX,Houston,713-615-7690,436 Sherman St,
Blake,Pace,CA,Los Angeles,213-524-1836,458 Alta Vista Ter,
Chelsea,Powell,OK,Oklahoma City,405-037-0099,761 Pond St,
Isabel,Holt,CA,San Francisco,628-501-4115,916 Leese St,
Lilliana,Harrison,OK,Oklahoma City,405-275-1409,234 Gloria Ct,
Nasir,Hartman,TX,Austin,512-521-3142,470 Leland Ave,
Isaiah,Burch,TX,Austin,512-154-5864,398 Cleary Ct,
Fabian,Boppana,OK,Oklahoma City,405-512-2110,591 Restani Way,
Related Post,Finley,GA,Atlanta,404-578-4661,56 Lakeview Ave,
Xander,Kent,CA,Sacramento,916-346-5226,828 Java St,
Ivan,Good,CO,Colorado Springs,719-330-1682,505 Ship St,
June,Pollard,TX,Austin,512-037-1675,525 Velasco Ave,
Sophia,Petty,TX,Dallas,214-603-9387,425 Bowman Ct,
Jeremy,Chambers,FL,Jacksonville,904-562-2652,834 Delaware St,
Mario,Norton,TN,Memphis,901-427-9446,279 Cosmo Pl,
Lennox,Ferguson,OK,Oklahoma City,405-602-0695,857 Miller Rd,
Jax,Potts,OH,Cleveland,216-357-7486,481 Birmingham Rd,
Ariel,Norton,CA,San Francisco,628-518-7846,199 Crane St,
Aria,Sosa,FL,Long Beach,562-281-6147,905 Yale St,
Eva,Dickerson,TX,El Paso,915-752-9470,457 Littlefield Ter,
Callie,Blankenship,MI,Detroit,313-756-6470,165 Montclair Ter,
Ezequiel,Mack,CA,Los Angeles,213-128-4672,429 Industrial St,
Shane,Preston,OR,Portland,503-335-7059,629 Duncan St,
Owen,Hale,FL,Miami,305-574-0461,639 15th Ave,
Brantley,Shepard,IL,Chicago,773-545-7802,319 Norton St,
Addison,Hopkins,TX,Austin,512-123-5250,732 Orizaba Ave,
Maddison,Wu,IL,Chicago,773-448-3283,5 Victoria St,
Jessica,Ortiz,MI,Detroit,313-342-7517,367 Joy St,
Moses,Nash,FL,Long Beach,562-116-1730,630 I-280 To Hwy 101 Ramp,
Alison,Matthews,TX,Dallas,214-347-0524,228 Aloha Ave,
Ana,Rich,MA,Boston,617-445-4517,803 Thomas More Way,
Lilly,Sawyer,TX,El Paso,915-447-6222,862 Casa Way,
Kaiden,Mosley,FL,Jacksonville,904-628-0487,340 Pemberton Pl,
Zayn,Weiss,TX,El Paso,915-546-6305,966 Bay Shore Blvd On Ramp,
Kimberly,Holt,NY,New York,212-014-7547,793 Belden St,
Malia,White,CA,San Francisco,628-128-8485,81 Laguna St,
Sophia,Hamilton,LA,New Orleans,504-057-2743,626 Robert Kirk Ln,
Harper,Farley,LA,New Orleans,504-230-3717,500 Carson St,
Kason,Wiley,MD,Baltimore,443-784-0677,578 Stilwell Rd,
June,Clayton,OH,Cleveland,216-275-3048,492 08th St,
Aliyah,Edwards,TX,El Paso,915-762-3044,974 Signal Rd,
Madelynn,Zimmerman,TN,Memphis,901-424-8445,734 Thrift St,
August,Gonzalez,CA,San Francisco,628-454-0626,219 Ridge Ln,
Enrique,Hayden,NY,New York,212-112-3209,299 Crossover Dr,
Corbin,Gross,OK,Oklahoma City,405-225-7793,280 Macarthur Ave,
Moises,Bonilla,TN,Memphis,901-730-0420,513 24th St,
Kayla,French,CA,San Francisco,628-462-7963,184 Bowley Ct,
Emilio,Black,MN,Minneapolis,612-636-1181,969 Rivas Ave,
Jayson,Mckay,CA,Los Angeles,213-806-1067,493 15th St,
Esmeralda,Hampton,CA,San Francisco,628-785-1124,701 Chumasero Dr,
Remington,Lucas,PA,Philadelphia,215-378-7578,846 Jules Ave,
April,Dodson,TX,Houston,713-332-9107,448 San Jose Ave,
Adrian,Osborne,MI,Detroit,313-187-8647,846 Mangels Ave,
Colton,Cameron,NY,New York,212-144-0383,914 Kramer Pl,
Grayson,Orozco,TN,Memphis,901-218-7018,877 Walnut St,
Tyler,Bright,LA,New Orleans,504-441-8578,711 Colin Pl,
Helen,Gentry,OK,Oklahoma City,405-002-8475,702 Newton St,
Titus,Robles,CO,Denver,303-573-8606,209 Hooker Aly,
Phoenix,Andrews,GA,Atlanta,404-146-9385,878 Barneveld Ave,
Alani,Foley,NV,Las Vegas,702-414-1873,638 Racine Ln,
Sarah,Ray,OR,Portland,503-304-3502,718 Barneveld Ave,
Avianna,Bruce,CA,Los Angeles,213-320-8666,863 Ohlone Way,
Lucia,Deleon,FL,Long Beach,562-668-7103,789 Grant Ave,
Tristan,Huber,MA,Boston,617-147-7809,215 Regent St,
Liana,Wilkins,NY,New York,212-571-6636,659 Kansas St,
Viviana,Robles,NY,New York,212-002-6015,763 Rudden Ave,
Ellie,Parker,CO,Colorado Springs,719-268-3967,468 Chester Ave,
Journey,Dickson,CA,San Francisco,628-381-1604,640 Easement,
Zane,Robbins,TX,Austin,512-333-4581,59 Loomis St,
Abigail,Shaffer,TN,Memphis,901-310-4947,50 Ulloa St,
Annalise,Maxwell,CA,Los Angeles,213-074-2683,667 Fontinella Ter,
Trinity,George,PA,Philadelphia,215-184-3808,865 Greely Ct,
Dalton,Osborne,NV,Las Vegas,702-122-2658,821 Camellia Ave,
Nia,Sullivan,MN,Minneapolis,612-745-0220,43 Peek Ln,
Adelaide,Mckee,TX,El Paso,915-030-2759,298 Lawrence Ave,
Saul,Sullivan,CA,San Diego,858-655-8101,178 College Ave,
Milo,Todd,OR,Portland,503-318-8438,88 Paloma Ave,
Ezequiel,Burns,WA,Seattle,206-862-3181,530 Silver Ave,
Eden,Bryan,TN,Memphis,901-104-7265,182 Hwy 101 N On Ramp,
Evie,Mckay,MD,Baltimore,443-010-8477,510 Jerome Aly,
Mohamed,Gross,CA,Sacramento,916-005-6117,798 Osage Aly,
Holden,Bentley,MI,Detroit,313-467-6555,526 Marcy Pl,
Gunnar,Forbes,IL,Chicago,773-485-6918,273 Burritt St,
Bianca,Kelly,TX,Dallas,214-207-2115,705 Amatury Loop,
Lauren,Frye,LA,New Orleans,504-103-5711,138 Persia Ave,
Grady,Cain,FL,Long Beach,562-127-2550,60 Wawona St,
Madeleine,Bender,NY,New York,212-620-0834,433 Hunters Point Blvd,
Ruth,Watson,AZ,Phoenix,480-668-4946,391 Freeman Ct,
Andy,Webb,IL,Chicago,773-647-4538,263 Burke Ave,
Josephine,Holden,IL,Chicago,773-044-2987,207 Juri St,
Walker,Fox,OH,Cleveland,216-041-6073,212 Bridgeview Way,
Muhammad,Chambers,GA,Atlanta,404-620-0018,305 Lester Ct,
Rylee,Boyd,NV,Las Vegas,702-678-1448,338 Clarke St,
Isabelle,Maxwell,NV,Las Vegas,702-611-7419,581 Bonita St,
Santiago,Acevedo,PA,Philadelphia,215-267-3335,188 Mountain Spring Ave,
Titus,Rowland,LA,New Orleans,504-401-3548,696 Crescent Ave,
Emerson,Kelley,MO,Kansas City,816-240-0278,896 Caire Ter,
Miriam,Zhang,MN,Minneapolis,612-853-2308,71 Dorchester Way,
Brinley,Fry,IL,Chicago,773-142-7168,191 Pierce St,
Emmanuel,Shea,WA,Seattle,206-308-9958,138 Battery Cranston Rd,
Dylan,Lowe,TN,Memphis,901-145-8344,523 Francisco St,
Lucia,Reese,LA,New Orleans,504-408-9681,777 Newcomb Ave,
Isla,Barton,CA,Los Angeles,213-636-7795,731 Wool Ct,
Carly,Irwin,CA,Sacramento,916-715-2403,739 King St,
Sarah,Holder,FL,Miami,305-038-1794,644 China Basin St,
Maverick,Weiss,MD,Baltimore,443-551-4735,852 Delmar St,
Leland,Mata,TX,El Paso,915-724-2404,490 Hulbert Aly,
Ismael,Mayo,MO,Kansas City,816-713-2868,201 Santa Monica Way,
Braylon,Baxter,AZ,Phoenix,480-582-1759,341 02nd St,
Riley,Hoffman,FL,Long Beach,562-782-4595,770 Paul Ave,
Stephen,Soto,NV,Las Vegas,702-224-3523,567 25th St,
Kathryn,Zavala,MN,Minneapolis,612-123-1021,711 Mercury St,
Messiah,Ellison,NV,Las Vegas,702-028-6256,907 Clement St,
Leighton,Durham,OR,Portland,503-562-1903,375 02nd Ti St,
Lennox,Gillespie,TX,Austin,512-316-0404,386 Merchant Rd,
Ali,Villa,MN,Minneapolis,612-274-1986,309 Mclea Ct,
Leah,Mccoy,TX,Austin,512-318-7862,970 Nordhoff St,
Addison,Yoder,OR,Portland,503-477-6967,519 Golf Course Access Rd,
Jeremy,Franklin,OR,Portland,503-624-6825,660 Peralta Ave,
Samuel,Maynard,TX,El Paso,915-846-5229,857 E St,
Paxton,Walsh,PA,Philadelphia,215-632-7107,104 Codman Pl,
Jason,Cain,FL,Long Beach,562-076-5004,800 Hayward St,
Trenton,Simpson,PA,Philadelphia,215-736-3048,912 Hunters Point Blvd,
Esteban,Pratt,TX,El Paso,915-525-4904,861 General Kennedy Ave,
Remi,Chan,OR,Portland,503-028-7310,361 Moore Ln,
Zoey,Parker,MA,Boston,617-548-4055,458 China Basin St,
Zayden,Manning,CA,San Diego,858-404-0145,516 A St,
Ariel,Moore,FL,Long Beach,562-326-4548,707 Fredson Ct,
Jessica,Tucker,FL,Long Beach,562-222-8980,907 Ofarrell St,
Lennon,White,MD,Baltimore,443-511-3743,37 Knott Ct,
Aubree,Salazar,CO,Denver,303-373-8177,964 Burrows Dr,
Cheyenne,Lee,AZ,Phoenix,480-403-4000,947 Escolta Way,
Camila,Henry,LA,New Orleans,504-410-7124,205 Ohlone Way,
Emiliano,Parks,NY,New York,212-234-2717,857 Vista Verde Ct,
Scott,Crane,TX,Houston,713-384-1029,366 Bancroft Ave,
Thiago,Shannon,FL,Jacksonville,904-686-8285,701 25th St,
August,Murillo,MN,Minneapolis,612-660-7662,338 Arellano Ave,
Rose,Pace,OH,Cleveland,216-342-8002,40 19th St,
Cristian,Trevino,FL,Jacksonville,904-013-5546,382 Mirabel Ave,
Rachel,Stout,CO,Colorado Springs,719-366-7506,506 Virginia Ave,
Lila,Hinton,CO,Denver,303-550-0914,637 Seward St,
Chloe,Davis,FL,Miami,305-006-3641,964 Maywood Dr,
River,Shepherd,CA,San Diego,858-061-1379,167 Massasoit St,
Beckham,Mosley,CO,Colorado Springs,719-704-7251,117 Hunter St,
Stephen,Rosario,NY,New York,212-710-8581,67 10th Ave,
Lena,Conrad,FL,Long Beach,562-747-1478,533 Emerald Ln,
Maria,Olsen,CA,Los Angeles,213-127-5221,436 Palo Alto Ave,
Amiyah,Thompson,CA,Los Angeles,213-867-6782,167 Maiden Ln,
Walker,Hall,NY,New York,212-012-6077,821 Moulton St,
Haley,Mcbride,CA,Los Angeles,213-785-1762,448 30th Ave,
Malia,Lewis,TX,Dallas,214-575-8759,998 Kent St,
Amira,Romero,GA,Atlanta,404-427-8032,939 Otsego Ave,
Dante,Farrell,TX,El Paso,915-033-7514,265 Trainor St,
Related Post,Wade,MI,Detroit,313-702-9681,492 Garfield St,
Marco,Lindsey,FL,Jacksonville,904-382-4841,619 Mission Bay Cir,
Maia,Duncan,FL,Long Beach,562-200-3139,319 North View Ct,
Colt,Blake,MI,Detroit,313-074-1692,137 Danton St,
Oliver,Mccall,GA,Atlanta,404-281-7139,273 39th Ave,
Mackenzie,Sampson,LA,New Orleans,504-741-3096,191 37th Ave,
Mariana,Rhodes,FL,Miami,305-365-9993,177 Hwy 101 Southbound Ramp,
Axel,Mitchell,FL,Jacksonville,904-671-7421,322 Peru Ave,
Braylen,Atkins,AZ,Phoenix,480-811-4479,882 Ohlone Way,
Brooke,Zavala,MO,Kansas City,816-781-2167,654 Ashbury Ter,
Ainsley,Freeman,OK,Oklahoma City,405-813-9944,380 Staples Ave,
Allyson,Powell,CA,San Diego,858-637-0611,196 Battery East Rd,
Adelaide,Merritt,OR,Portland,503-437-7078,123 Raleigh St,
Mabel,Larsen,TX,Austin,512-707-5933,292 Kohler Pl,
Kensley,Blackburn,OK,Oklahoma City,405-700-8610,386 Broderick St,
Lena,Martinez,CA,San Diego,858-430-6359,51 Kissling St,
Hudson,Cooke,CA,San Diego,858-354-8671,638 Bernal Heights Blvd,
Pablo,Noble,TX,El Paso,915-420-8593,456 Cresta Vista Dr,
Daxton,Burgess,AZ,Phoenix,480-376-9131,856 Crissy Field Ave,
Grant,Preston,TX,El Paso,915-481-1569,81 21st St,
Juliet,Young,MA,Boston,617-857-0445,805 Quincy St,
Saul,Barnes,CO,Colorado Springs,719-242-4399,285 16th Ave,
Parker,Harper,CO,Colorado Springs,719-047-7806,622 Lansing St,
Journey,Chaney,PA,Philadelphia,215-052-6254,566 Fort Mason 21,
Anna,Ward,CO,Colorado Springs,719-250-9341,324 Chenery St,
Emiliano,Bradford,FL,Miami,305-585-1867,914 Walnut St,
Haley,Nicholson,MA,Boston,617-654-3699,303 Forest Side Ave,
Natalia,Campos,MA,Boston,617-540-8359,965 31st St,
Jay,Munoz,GA,Atlanta,404-842-0130,755 Dellbrook Ave,
Arthur,Bass,TX,Dallas,214-475-7029,379 Stonecrest Dr,
Easton,Wu,CA,Sacramento,916-048-4071,272 Harlan Pl,
Cataleya,Chang,MN,Minneapolis,612-010-7980,68 Restani Stwy,
Briana,Mccullough,GA,Atlanta,404-344-5269,32 Patten Rd,
Lucille,Goodman,CO,Colorado Springs,719-622-8609,105 04th St,
Margaret,Mcintyre,MI,Detroit,313-171-6287,722 Lupine Ave,
Eduardo,Pearson,CA,Sacramento,916-524-8200,769 Sonora Ln,
Joanna,Garrett,TX,El Paso,915-624-2505,273 Charles J Brenham Pl,
Jordyn,French,TX,Dallas,214-834-9200,442 Bocana St,
Allyson,Cantu,CA,San Diego,858-080-9203,261 Bernice St,
Angelo,Fernandez,TX,Austin,512-404-8599,540 Cambon Dr,
Leonel,Conrad,MI,Detroit,313-453-5864,673 El Dorado St North,
Maverick,Mendez,TX,Houston,713-734-8504,944 Mission Bay Cir,
Landon,Gross,CA,Los Angeles,213-414-4212,123 Cosgrove St,
Selah,Osborne,GA,Atlanta,404-625-0944,342 Crisp Rd,
Lawrence,Ochoa,LA,New Orleans,504-170-5605,855 Shields St,
Sabrina,Andersen,TX,El Paso,915-011-7836,706 Quintara St,
Alejandro,Harris,CA,Los Angeles,213-213-5385,851 Adam St,
Mckinley,Fitzgerald,TX,El Paso,915-484-3460,709 Elmwood Way,
Ibrahim,Holden,LA,New Orleans,504-543-5373,811 Hill Dr,
Haley,Oconnell,MD,Baltimore,443-233-7167,528 Fairmount St,
Lennon,Larson,MI,Detroit,313-805-3512,709 Graham St,
Kyler,Chapman,OH,Cleveland,216-268-2540,658 Langdon Ct,
Brynlee,Mejia,OH,Cleveland,216-201-0539,953 Silver Ave,
Eva,Bond,WA,Seattle,206-003-5601,385 Nelson Ave,
Millie,Morrow,CO,Denver,303-026-5659,333 School Aly,
Charlie,Chen,NV,Las Vegas,702-254-8617,900 Hangah St,
William,Sawyer,FL,Miami,305-112-1380,464 Castillo St,
Ellie,Rubio,OK,Oklahoma City,405-541-1394,832 Ellis St,
Eva,Reese,TX,El Paso,915-250-8560,925 Montecito Ave,
Quinn,Greer,AZ,Phoenix,480-080-0288,975 Van Keuren Ave,
Paisley,Mcmahon,GA,Atlanta,404-483-4800,545 Rizal St,
Juliette,Campos,CA,Los Angeles,213-421-4331,1 Gold Mine Dr,
Georgia,Krause,OH,Cleveland,216-162-6534,890 Tamalpais Ter,
Max,Lawson,FL,Jacksonville,904-600-6887,87 Bright St,
Joseph,Brown,GA,Atlanta,404-468-8025,410 Wedemeyer St,
Arielle,Jimenez,NY,New York,212-703-5161,903 05th Ave,
Keegan,Hopkins,OK,Oklahoma City,405-316-2190,589 Caledonia St,
Mira,Parks,FL,Long Beach,562-155-8040,908 Paris St,
Anna,Maxwell,TX,Houston,713-675-9350,504 Concourse Dr,
Martin,Butler,FL,Jacksonville,904-118-7776,914 Almaden Ct,
Gwendolyn,Rivera,OR,Portland,503-227-6099,841 Collins St,
Ashley,Guerra,MN,Minneapolis,612-684-9058,31 Shafter Ave,
Sylvia,Wiggins,NY,New York,212-554-8661,291 Escondido Ave,
Spencer,Mcfarland,TX,El Paso,915-654-8591,854 Newell St,
Ellie,Wilkins,OR,Portland,503-061-5233,702 Hays St,
Reed,Chang,WA,Seattle,206-400-4840,682 Stone St,
Briana,Armstrong,LA,New Orleans,504-377-9974,199 Forest Rd,
Noel,Hudson,TN,Memphis,901-614-8843,297 Clipper Cove Way,
Josue,Moreno,FL,Jacksonville,904-038-7600,527 Brighton Ave,
Preston,Bruce,TX,El Paso,915-473-8075,670 Horace St,
Leila,Garrison,MA,Boston,617-721-9748,480 Foote Ave,
Myla,Huff,FL,Jacksonville,904-353-9937,598 Harlem Aly,
George,Quinn,CA,San Francisco,628-103-6133,304 Hwy 101 Southbound,
Mira,Miranda,OR,Portland,503-778-8178,126 San Aleso Ave,
Gael,Holden,LA,New Orleans,504-187-5734,955 Moffitt St,
Jesse,Hess,IL,Chicago,773-526-2045,871 San Fernando Way,
Scarlet,Rangel,FL,Miami,305-180-0754,208 Bitting Ave,
Joanna,Conley,MA,Boston,617-228-6082,618 Restani Stwy,
Chandler,Harding,CO,Denver,303-025-9800,145 Rawles St,
Mckenna,Rubio,TX,El Paso,915-334-1434,349 Treasure Island Rd,
Esmeralda,Holt,MN,Minneapolis,612-552-5353,72 Maywood Dr,
Kennedi,Wagner,FL,Jacksonville,904-204-8136,46 Bernice Rodgers Way,
Alaina,Tate,CA,San Diego,858-125-0444,144 Aerial Way,
Madison,Moreno,CO,Denver,303-478-2541,500 Tevis St,
Muhammad,Hess,MD,Baltimore,443-016-2169,900 27th St,
Corbin,Shaffer,CA,San Diego,858-820-7789,934 Perasto Ave,
Thiago,Kidd,NY,New York,212-200-6837,59 Avenue M,
Alexandra,Yang,IL,Chicago,773-583-6176,315 Huron Ave,
Related Post,Houston,WA,Seattle,206-753-7904,755 John Muir Dr,
Kayden,Wyatt,MN,Minneapolis,612-451-4596,523 Bellevue Ave,
Kimberly,Crawford,TX,Austin,512-175-9672,526 Kenny Aly,
Anna,Blanchard,GA,Atlanta,404-842-5349,318 Music Concourse Dr,
Braelynn,Crawford,TX,Dallas,214-301-7750,808 Nancy Pelosi Dr,
Jameson,Dunlap,TX,Houston,713-324-5802,668 North 15th Ave,
Gabrielle,Duarte,TX,Dallas,214-488-3131,433 Sacramento St,
Olive,Marsh,NY,New York,212-447-8104,311 Gibbon Ln,
Kimberly,Bradshaw,NY,New York,212-746-2571,860 Folsom St,
Collin,Fisher,FL,Miami,305-334-9544,15 Wallen St,
Maria,Leblanc,MO,Kansas City,816-038-2508,858 Martinez St,
Kamden,Conner,CA,San Diego,858-188-1210,367 Golden Gate Ave,
Davis,Jennings,NY,New York,212-335-9832,501 Gennessee St,
Andrea,Li,FL,Jacksonville,904-015-0366,510 Bay St,
Samantha,Kidd,NY,New York,212-403-1098,107 Joy St,
Rachel,Herman,TN,Memphis,901-012-7339,433 Hunter Rd,
Nico,Potts,CO,Colorado Springs,719-428-3511,92 Mark Twain Pl,
Adriel,Estes,FL,Jacksonville,904-255-2514,351 Brush Ln,
Lauren,Mcgrath,MO,Kansas City,816-775-5708,658 Dalewood Way,
Major,Duffy,TX,Dallas,214-775-6645,969 Regent St,
Georgia,Ayala,TN,Memphis,901-418-0113,461 Ralston St,
Valeria,Romero,FL,Jacksonville,904-475-6389,879 Birchwood Ct,
Juliet,Mccullough,TX,Austin,512-728-2360,846 Heron St,
Eduardo,James,MN,Minneapolis,612-454-4809,740 Rossi Ave,
Tobias,Barrett,CA,San Francisco,628-713-8477,943 Lisbon St,
Ezequiel,Brady,FL,Miami,305-606-9276,281 Heritage Ln,
Cruz,Riley,FL,Miami,305-123-5279,4 Mabel Aly,
Ophelia,Day,MO,Kansas City,816-341-4591,597 Jack Micheline Aly,
Violet,Lawrence,AZ,Phoenix,480-367-3733,649 Santa Ynez Ave,
Serena,Estes,OK,Oklahoma City,405-276-2507,715 Camp St,
Annie,Hobbs,NY,New York,212-567-2568,667 Salinas Ave,
Myles,Patterson,TX,El Paso,915-324-9219,213 Cascade Walk,
Mckinley,Rangel,CA,Los Angeles,213-311-0765,112 Fort Miley 5,
Christian,Vang,FL,Miami,305-363-2228,488 Collins St,
Braxton,Walker,GA,Atlanta,404-534-7821,248 Century Pl,
Rosalie,Bass,TN,Memphis,901-214-7730,725 Shipley St,
Bennett,Hunt,AZ,Phoenix,480-326-7043,893 Gabilan Way,
Brynlee,Dalton,NV,Las Vegas,702-152-7922,935 Bonview St,
Rowen,Bennett,WA,Seattle,206-228-2975,445 Fort Mason 19,
Nico,Valencia,MN,Minneapolis,612-507-9573,288 York St,
Alexander,Novak,MD,Baltimore,443-445-3532,109 Pope Rd,
Cadence,Reeves,TX,Dallas,214-013-6214,401 Von Schmidt St,
Laura,Schmidt,OR,Portland,503-083-6312,927 Lake Merced Hill St South,
Finn,Russo,CO,Colorado Springs,719-480-6865,334 Brown St,
Margaret,Ward,OR,Portland,503-746-2612,715 Bowley Ct,
Andrea,Estes,OK,Oklahoma City,405-640-6688,28 Summit St,
Brynn,Bentley,OH,Cleveland,216-127-8178,537 Mission Bay Dr,
Rhys,Rowe,IL,Chicago,773-433-0220,296 Lincoln Way,
Malik,Nguyen,IL,Chicago,773-245-6869,964 Gibson Rd,
Delilah,Gardner,CA,San Diego,858-777-5474,433 Plum St,
Margaret,Rangel,OH,Cleveland,216-234-9330,964 Mulford Aly,
Felicity,Warren,AZ,Phoenix,480-173-4601,548 Cohen Pl,
Makenna,Vaughan,MD,Baltimore,443-228-1974,573 Otis St,
Freya,Patterson,WA,Seattle,206-678-6963,615 Holly Park Cir,
Myla,Bailey,TX,Dallas,214-424-3241,915 Claremont Blvd,
Winter,Trujillo,MD,Baltimore,443-866-3217,94 Vesta St,
Declan,Beard,TX,Dallas,214-755-3624,330 Northridge Rd,
Jordyn,Hays,IL,Chicago,773-342-6316,633 Tonquin St,
Elliana,Meyer,MI,Detroit,313-463-1714,701 01st St,
Kash,Knapp,CA,San Francisco,628-320-5840,466 Terra Vista Ave,
Mateo,Fuller,PA,Philadelphia,215-487-4209,748 Juan Bautista Cir,
Zayne,Ford,FL,Miami,305-616-5475,669 Rose St,
Kamden,Henderson,CA,Los Angeles,213-250-5048,782 San Rafael Way,
Griffin,Shaw,AZ,Phoenix,480-361-1812,236 Sergeant John V Young St,
Keira,Hendricks,CA,San Francisco,628-321-8679,143 Columbus Ave,
Leland,Fields,MN,Minneapolis,612-304-4311,568 Lee Ave,
Izabella,Turner,CA,San Diego,858-888-7711,590 Jack Micheline Aly,
Ashlyn,Forbes,TX,El Paso,915-315-6038,57 Santa Ynez Ave,
Lia,Oneill,TX,Houston,713-730-2979,611 Berwick Pl,
Annabella,Mata,MA,Boston,617-551-7191,983 Bengal Aly,
Matthew,Stein,WA,Seattle,206-137-5525,86 Moffitt St,
Grayson,Dickson,CA,San Diego,858-636-8766,360 Public Park,
Kayson,Fritz,CO,Colorado Springs,719-221-3055,178 Virginia Ave,
Kylie,Sutton,GA,Atlanta,404-281-8589,179 25th Ave,
Lana,Garcia,CO,Colorado Springs,719-607-2380,475 Britton St,
Samuel,Joyce,MO,Kansas City,816-578-5619,388 Olympia Way,
Cadence,Ford,CA,Los Angeles,213-343-6304,426 47th Ave,
Josue,Sandoval,TX,Houston,713-554-3666,403 Martin Ave,
Elena,Wheeler,LA,New Orleans,504-301-0578,923 Dawnview Way,
Kenneth,Peters,WA,Seattle,206-100-6116,26 Sotelo Ave,
Cadence,Flynn,FL,Long Beach,562-713-5797,959 Keith St,
Avery,Tate,LA,New Orleans,504-770-3305,502 Cedro Ave,
Jane,Baxter,CA,San Diego,858-353-3281,656 Gateview 2 Ct,
Gerardo,Burke,MN,Minneapolis,612-204-2546,554 Cuba Aly,
Eve,Valdez,IL,Chicago,773-761-4264,319 Upper Ter,
Nolan,Moon,MN,Minneapolis,612-767-7203,702 Sibert Ln,
Kenzie,Davidson,MO,Kansas City,816-577-8608,799 Toll Plaza Tunnel,
Saylor,Ayala,MN,Minneapolis,612-418-9761,995 Parsons St,
Trenton,Friedman,TX,El Paso,915-345-3044,907 Ironwood Way,
Natalia,Bray,GA,Atlanta,404-420-1308,974 Linden St,
Zariah,Evans,LA,New Orleans,504-070-0118,694 Harvard St,
Riley,Fleming,MO,Kansas City,816-886-3534,312 Juanita Way,
Keith,Mcneil,CO,Colorado Springs,719-820-2461,725 Midway St,
Alexandria,Delacruz,FL,Jacksonville,904-222-0188,662 Hoffman St,
Raven,Doyle,MI,Detroit,313-451-9087,123 Roanoke St,
Aubrey,Rasmussen,CA,San Francisco,628-502-1977,196 Saint Elmo Way,
Ryleigh,Payne,AZ,Phoenix,480-120-1915,178 Elsie St,
Oakley,Ortega,AZ,Phoenix,480-323-1035,387 Minnesota St,
Daniella,Richards,CO,Denver,303-627-7267,421 First Dr East,
Rowen,Ray,MA,Boston,617-122-8197,429 Caledonia St,
Sullivan,Parrish,CO,Colorado Springs,719-475-0124,327 La Salle Ave,
Hayden,Avila,MO,Kansas City,816-305-0733,95 Sabin Pl,
Kennedi,Murphy,OR,Portland,503-465-3327,300 Hill St,
Leonardo,Dawson,PA,Philadelphia,215-537-4752,576 Lulu Aly,
Eden,Horton,CO,Colorado Springs,719-783-7351,379 Mccormick St,
Matthias,Mcdaniel,LA,New Orleans,504-228-4779,236 Homer St,
Arthur,Nelson,PA,Philadelphia,215-641-9928,768 Pope Rd,
Ashley,Leonard,TX,Dallas,214-878-8862,230 Nebraska St,
Otto,Simpson,OR,Portland,503-241-3520,229 Nancy Pelosi Dr,
Shelby,Lester,NV,Las Vegas,702-350-1787,499 Cumberland St,
Ashley,Schaefer,OH,Cleveland,216-168-8932,463 Saint Francis Blvd,
Christina,Shaw,CA,Sacramento,916-652-9209,210 Olive St,
Tyson,Mcconnell,MN,Minneapolis,612-728-1526,731 Montecito Ave,
Helen,Schmidt,CO,Denver,303-036-9322,528 Portal Path,
Jaxson,Singleton,NV,Las Vegas,702-364-4341,658 Museum Way,
Eduardo,Dawson,GA,Atlanta,404-621-5437,647 Marist Ct,
Braelyn,Duke,MN,Minneapolis,612-673-2215,985 Guttenberg St,
Elizabeth,Shea,TX,Houston,713-466-3967,455 Sadowa St,
Aria,Walls,AZ,Phoenix,480-730-8625,883 Laguna St,
Jett,Casey,WA,Seattle,206-377-8150,934 Milan Ter,
Paisley,Carroll,CA,Sacramento,916-475-8660,607 Guy Pl,
Peyton,Whitaker,MD,Baltimore,443-150-1850,631 16th St,
Kaiden,Valentine,CO,Colorado Springs,719-462-7267,959 Cottage Row,
Gabriel,Nichols,CO,Colorado Springs,719-407-0269,750 Elmhurst Dr,
Kyla,Berg,MA,Boston,617-241-6618,384 Lurmont Ter,
Liam,Arellano,AZ,Phoenix,480-604-3194,876 Vista Ct,
Jenna,Villa,CO,Denver,303-124-1954,515 Casa Way,
Diana,Walters,OR,Portland,503-605-4637,576 Natick St,
Ayla,Mccarthy,MN,Minneapolis,612-253-6482,950 Felix Ave,
Makenzie,Harrington,PA,Philadelphia,215-774-7560,173 Lee Ave,
Demi,Grimes,CA,Sacramento,916-526-0358,786 Leona Ter,
Hayden,Kirk,PA,Philadelphia,215-733-4536,897 Cochrane St,
Vivienne,Torres,TX,Dallas,214-706-7955,667 Mark Ln,
Calvin,Best,LA,New Orleans,504-444-5246,355 Topaz Way,
Maria,Bentley,CO,Colorado Springs,719-127-3063,670 Massachusetts St,
Maximiliano,Young,GA,Atlanta,404-235-7143,418 Encinal Walk,
Elizabeth,Brandt,AZ,Phoenix,480-606-0082,122 Yale St,
Kingston,Cantu,MD,Baltimore,443-141-3581,984 Nueva Ave,
Angela,Duffy,MN,Minneapolis,612-737-8588,310 Julian Ave,
Noelle,Young,WA,Seattle,206-782-2668,630 Boutwell St,
Angela,Joyce,OR,Portland,503-352-4004,104 Martinez St,
Ivy,Saunders,NY,New York,212-441-0507,231 Liebig St,
Xavier,Kidd,LA,New Orleans,504-541-1458,195 Lapidge St,
Porter,Rich,MO,Kansas City,816-217-3345,285 Pope St,
Carly,Weaver,NV,Las Vegas,702-483-6139,745 Hobart Aly,
Asa,Davidson,WA,Seattle,206-204-7001,631 Auburn St,
Morgan,Riley,IL,Chicago,773-656-3303,572 Granville Way,
Charlotte,Bonilla,CA,Sacramento,916-811-4110,362 Legion Ct,
Desmond,Wright,TX,Dallas,214-177-3369,139 Ora Way,
Allison,Carney,TX,Austin,512-503-1442,384 Mclaren Ave,
Diego,Kaufman,MI,Detroit,313-850-8336,128 Kennedy Pl,
Evelyn,Lester,FL,Jacksonville,904-422-5897,133 San Felipe Ave,
Malia,Marsh,PA,Philadelphia,215-643-5005,307 Harold Ave,
Genesis,Whitehead,FL,Miami,305-365-6502,533 Castillo St,
Madison,Benjamin,CA,Los Angeles,213-086-1951,966 Avenue M,
Gabrielle,Solomon,MO,Kansas City,816-163-2426,966 Behr Ave,
Ruben,Summers,OR,Portland,503-750-7799,465 Pope St,
Lucy,Schroeder,AZ,Phoenix,480-422-7283,727 Inca Ln,
Fabian,Young,TN,Memphis,901-501-5450,561 Crescent Way,
Nathaniel,Hobbs,CA,Los Angeles,213-710-5587,641 Lee Ave,
Ariel,Bauer,TX,Houston,713-803-6925,192 Collins St,
Adeline,Archer,IL,Chicago,773-436-6103,319 Dutch Windmill Access Rd,
Amira,Harrington,MD,Baltimore,443-001-9171,899 Lupine Ave,
Samantha,Nielsen,LA,New Orleans,504-568-9054,141 India St,
Saylor,Morrow,NV,Las Vegas,702-264-9829,677 Midcrest Way,
Gideon,Warren,GA,Atlanta,404-631-8187,167 Pico Ave,
Jaylen,Pacheco,CA,San Diego,858-346-2696,562 Beaver St,
Jessica,Barnes,MI,Detroit,313-846-1136,199 17th Ave,
Travis,Stephenson,TX,El Paso,915-652-7481,202 Chancery Ln,
Brooklynn,Serrano,TN,Memphis,901-388-9408,504 London St,
August,Moore,AZ,Phoenix,480-381-8994,282 Cypress St,
Margot,Stout,OK,Oklahoma City,405-202-4499,494 Inca Ln,
Princeton,Stout,OR,Portland,503-003-0145,298 Anderson St,
Riley,Schmitt,CO,Colorado Springs,719-880-6801,453 Jessie St,
Finn,Hess,CO,Denver,303-764-2059,187 Edie Rd,
Legend,Allison,CA,San Francisco,628-762-7479,546 Touchard St,
Jordan,Huff,CA,Sacramento,916-545-6646,128 Juri St,
Martin,Mays,CO,Colorado Springs,719-163-9826,737 Cuba Aly,
Andrew,Griffin,MD,Baltimore,443-612-3417,529 Cuvier St,
Veronica,Armstrong,OH,Cleveland,216-705-9320,150 Natick St,
Juliette,Mcdonald,TX,Houston,713-425-1696,148 Simonds Loop,
Taylor,Huang,WA,Seattle,206-223-7708,105 Fortuna Ave,
Ella,Dean,NY,New York,212-075-1658,185 Hooker Aly,
Quinn,Manning,OH,Cleveland,216-356-4538,691 Lowell St,
Jennifer,Nash,MD,Baltimore,443-124-9559,61 Santa Marina St,
Conor,Farley,OK,Oklahoma City,405-678-0982,662 Fella Pl,
Forrest,Horton,TX,Austin,512-035-9693,364 Hwy 101 N Off Ramp,
Adrianna,Wilkerson,WA,Seattle,206-038-0787,260 Leese St,
Isla,Morrow,TX,Dallas,214-732-0308,526 Allison St,
Gemma,Esparza,FL,Long Beach,562-728-1519,338 Nobles Aly,
Gage,Wall,OR,Portland,503-680-0147,639 Brook St,
Remy,Wells,MA,Boston,617-260-8050,270 Calvert Dr,
Karter,Wheeler,MD,Baltimore,443-374-9216,885 Glenbrook Ave,
Faith,Weber,NY,New York,212-337-4471,704 Tubbs St,
Walter,Wyatt,GA,Atlanta,404-333-8136,875 Selby St,
Joshua,Walter,MD,Baltimore,443-001-0640,358 Charter Oak Ave,
Arlo,Stanley,NV,Las Vegas,702-706-1770,625 Dolores St,
Alex,Richards,TX,Austin,512-367-6442,334 Marion Pl,
Paris,Dennis,CO,Denver,303-601-2883,531 15th Ave,
River,Goodwin,TN,Memphis,901-226-5911,82 Rosemary Ct,
Frederick,Valentine,TX,El Paso,915-643-7842,863 Isadora Duncan Ln,
Orion,Dillon,MD,Baltimore,443-821-1577,762 Junior Ter,
Xavier,Schaefer,FL,Miami,305-536-0833,471 Imperial Aly,
Victor,Cherry,FL,Long Beach,562-361-5808,283 Russian Hill Pl,
Derrick,Ferrell,LA,New Orleans,504-350-3120,1 Sargent St,
Liam,Chase,CA,San Diego,858-075-8566,173 Waterloo St,
Thiago,Potts,AZ,Phoenix,480-026-5295,14 Head St,
Jason,Kelly,CA,San Diego,858-132-4130,293 Exchange Pl,
Kamryn,Fernandez,FL,Miami,305-853-9453,242 Agua Way,
Remington,Buck,IL,Chicago,773-212-1975,679 Alemany Blvd,
Kaydence,Osborne,AZ,Phoenix,480-623-0055,193 Badger St,
Braelynn,Romero,OH,Cleveland,216-277-8107,378 Overlook Dr,
Isabelle,Jones,OR,Portland,503-751-2548,844 Letterman Dr,
Archer,Crawford,MI,Detroit,313-568-3089,96 Dr Tom Waddell Pl,
Esther,Perry,TX,Houston,713-588-4321,817 Dedman Ct,
Robert,Pennington,MN,Minneapolis,612-161-6756,737 Mabini St,
Delilah,Trevino,CA,Sacramento,916-115-3143,231 Homer St,
Victor,Ochoa,CA,San Francisco,628-716-5313,39 San Pablo Ave,
Odin,Esparza,OH,Cleveland,216-246-9744,621 San Jose Av On Ramp,
Adrianna,Frye,FL,Long Beach,562-228-0350,167 Belvedere St,
Hayes,Mcdonald,TX,El Paso,915-162-6727,745 Striped Bass St,
Ariana,Bauer,OK,Oklahoma City,405-301-5763,673 Battery Crosby Rd,
Jude,Proctor,FL,Long Beach,562-668-9281,653 Lundys Ln,
Kali,Acevedo,MI,Detroit,313-301-3913,221 Spencer St,
Kathryn,Knapp,TX,Dallas,214-670-9108,779 Red Leaf Ct,
Maddison,Conrad,MI,Detroit,313-682-8493,571 Peninsula Ave,
Wyatt,Blair,NV,Las Vegas,702-644-9244,799 Andrew St,
Troy,Wilson,CA,Sacramento,916-143-8878,914 Osceola Ln,
Rhett,Wall,MN,Minneapolis,612-265-9029,341 United Nations Plz,
Josephine,Dudley,PA,Philadelphia,215-701-8413,362 Industrial St,
Thomas,Lin,TN,Memphis,901-474-7598,687 Osgood Pl,
Zoey,Riddle,CA,Los Angeles,213-582-7090,209 Fifth St,
Kimberly,Mora,OK,Oklahoma City,405-585-5977,731 Lillian St,
Malia,Poole,MD,Baltimore,443-853-5192,387 I-80 To Hwy 101 Ramp,
Kaitlyn,Gill,MI,Detroit,313-581-0383,901 Laidley St,
Derek,Abbott,TN,Memphis,901-288-1457,87 Sanchez St,
Delaney,Abbott,MO,Kansas City,816-653-3460,564 Keith St,
Kane,Mckinney,MO,Kansas City,816-714-0877,739 Mars St,
Hazel,Phelps,MO,Kansas City,816-833-5012,22 Bay Shore Blvd Off Ramp,
Ibrahim,Cuevas,AZ,Phoenix,480-511-8961,537 Dicha Aly,
Liliana,Christian,NY,New York,212-112-7495,603 Cesar Chavez St,
Related Post,Kane,CA,San Diego,858-415-0176,164 Aptos Ave,
Layla,Neal,TX,El Paso,915-081-5696,801 Howth St,
Malcolm,Pineda,OR,Portland,503-384-5076,232 Martinez St,
Porter,Myers,OK,Oklahoma City,405-647-4554,926 Sunnydale Ave,
Charlie,Holmes,TX,Dallas,214-430-2389,347 Medical Center Way,
Silas,Mcfarland,OR,Portland,503-802-4008,707 Richards Cir,
Solomon,Robertson,IL,Chicago,773-746-5616,198 State Dr,
Melissa,Burke,LA,New Orleans,504-586-1962,18 Lillian St,
Gianna,Greene,CO,Denver,303-486-7156,141 Jessie East St,
Diego,Hart,NV,Las Vegas,702-401-6285,357 Alder St,
Maximus,Hebert,FL,Miami,305-311-9380,623 Cole St,
Alaina,Todd,FL,Long Beach,562-846-0838,117 Sacramento St,
Asher,Rivers,AZ,Phoenix,480-173-1256,202 Mccormick St,
Brandon,Buchanan,CA,San Francisco,628-850-3156,995 Laurel St,
Jazlyn,Hicks,CO,Denver,303-514-0228,104 Arellano Ave,
Eleanor,Bonilla,MI,Detroit,313-454-1395,842 Lancaster Ln,
Benson,Barber,MD,Baltimore,443-643-3452,798 Mclaren Lodge Access Rd,
Damon,Mills,CA,San Diego,858-835-6478,742 Science Cir,
Eden,Leonard,FL,Long Beach,562-532-1843,114 Chumasero Dr,
Jessica,Kramer,CA,San Diego,858-813-0769,852 Cassandra Ct,
Royce,Pierce,OR,Portland,503-028-3669,488 Capistrano Ave,
Hazel,Avila,NV,Las Vegas,702-074-2416,341 Carroll Ave,
Sabrina,Ochoa,CA,San Diego,858-438-3322,63 Geneva Ave,
Melody,Payne,TX,El Paso,915-135-6965,680 Winthrop St,
Oakley,Shaw,CA,Sacramento,916-732-9164,222 Paraiso Pl,
Raelyn,Sweeney,MI,Detroit,313-812-6442,872 Berry Extension St,
Malia,Robbins,MI,Detroit,313-725-7742,222 Bigelow Ct,
Evan,Cole,CO,Denver,303-864-2867,211 Berry St,
Jaylen,Villarreal,GA,Atlanta,404-374-4408,865 Payson St,
Bentley,Wu,PA,Philadelphia,215-400-8595,282 Diamond Cove Ter,
Madilyn,Delacruz,MD,Baltimore,443-101-9239,613 Talbert St,
Genevieve,Bowman,NV,Las Vegas,702-032-5020,641 West Rd,
Maximus,Duffy,AZ,Phoenix,480-744-3481,820 Casitas Ave,
Miriam,Pittman,LA,New Orleans,504-346-5039,21 Pearl St,
Grant,Dyer,LA,New Orleans,504-707-5272,400 Cascade Walk,
Genesis,Crane,MO,Kansas City,816-267-4200,726 Lobos St,
Malik,Knapp,NV,Las Vegas,702-008-9370,922 Meda Ave,
Lyla,Cook,TN,Memphis,901-767-8052,811 Maxwell Ct,
Wyatt,Rich,OH,Cleveland,216-566-4256,119 Circular Ave,
Quinn,Petty,OR,Portland,503-232-7247,24 Truby St,
Sydney,Ferrell,CA,Los Angeles,213-127-6247,749 Le Conte Ave,
Muhammad,Huang,GA,Atlanta,404-271-3014,175 San Pablo Ave,
Ricardo,Freeman,MA,Boston,617-042-8940,739 Juanita Way,
Hank,Ashley,FL,Jacksonville,904-634-7967,786 Deems Rd,
Ibrahim,Robinson,MN,Minneapolis,612-032-1071,732 Kirkham St,
Ruby,Cardenas,OK,Oklahoma City,405-847-3736,971 Saint Francis Pl,
Jimena,Bridges,NY,New York,212-070-0279,259 Elk St,
Derrick,Norman,TX,El Paso,915-362-4231,770 Conservatory Dr East,
Kelsey,Wilkerson,WA,Seattle,206-588-9653,827 Newburg St,
Jade,Macias,CA,Los Angeles,213-576-6895,82 Athens St,
Clayton,Armstrong,OK,Oklahoma City,405-458-0821,208 Camp St,
Camden,Robinson,WA,Seattle,206-676-9676,862 Lee Ave,
Owen,Calhoun,PA,Philadelphia,215-463-3503,324 Genebern Way,
Tate,Vang,LA,New Orleans,504-848-9114,872 Cochrane St,
Francis,Shepard,OK,Oklahoma City,405-485-5696,29 Al Scoma Way,
Raven,Rollins,AZ,Phoenix,480-416-9837,658 Ellert St,
Kayla,Yoder,MI,Detroit,313-630-8363,806 Tompkins Ave,
Lana,Nixon,CO,Denver,303-221-3352,556 Harrison Blvd,
Cataleya,Carney,CA,San Diego,858-438-6731,584 Elgin Park,
Skylar,Dominguez,CO,Denver,303-178-1278,265 Velasco Ave,
Jacqueline,Monroe,NV,Las Vegas,702-307-7763,857 Fort Mason 10,
Jared,Fisher,MN,Minneapolis,612-206-1866,520 Prado St,
Viviana,Herrera,TX,El Paso,915-087-1000,4 Evelyn Way,
Valeria,Clay,OR,Portland,503-782-0080,6 Amber Dr,
Ismael,Blanchard,TX,Houston,713-401-6020,470 Industrial St Off Ramp,
Donovan,Martinez,CA,Sacramento,916-602-8322,921 Thrift St,
Dominick,Holder,MA,Boston,617-117-6855,711 Appleton St,
Michelle,Navarro,TN,Memphis,901-734-2603,288 Cielito Dr,
Parker,Bowman,TX,Austin,512-753-0410,650 Antonio St,
Allyson,Hickman,FL,Jacksonville,904-834-4435,557 Montalvo Ave,
Austin,Flynn,AZ,Phoenix,480-504-0751,858 Amethyst Way,
Kason,Haley,CO,Colorado Springs,719-872-6248,57 Carmel St,
Wesley,Krause,TX,Dallas,214-818-1383,970 Automobile Dr,
Lena,Franco,TX,Dallas,214-181-3879,333 Abbey St,
Warren,Payne,FL,Miami,305-123-9969,13 Spofford St,
Lilah,Camacho,CO,Colorado Springs,719-835-5981,222 J St,
Marcos,Colon,MD,Baltimore,443-675-7774,585 Chumasero Dr,
Milo,Kemp,TX,Dallas,214-671-8408,674 Carolina St,
Jessica,Cole,OR,Portland,503-081-2369,469 Capitol Ave,
Drew,Matthews,MO,Kansas City,816-648-7388,457 Incinerator Rd,
Lilly,Mann,MN,Minneapolis,612-272-7493,764 Bocana St,
Hayes,Golden,WA,Seattle,206-810-5124,101 Hyde St,
Frederick,Macias,NV,Las Vegas,702-574-4508,911 Langdon Ct,
Omar,Bishop,TX,Austin,512-823-3506,283 Naglee Ave,
Genevieve,Andrews,TX,Houston,713-288-1031,493 Freeman Ct,
Lane,Gomez,MD,Baltimore,443-384-7194,42 Matthew Ct,
Demi,Sutton,NV,Las Vegas,702-803-8785,1000 Kendall Dr,
Juliette,Hobbs,CA,San Diego,858-781-5147,659 Hamilton St,
Alexandria,Clayton,MO,Kansas City,816-228-8938,271 Collingwood St,
Bryson,Glenn,FL,Jacksonville,904-381-7783,18 Muir Ct,
Emiliano,Castro,TN,Memphis,901-216-6156,223 East Rd,
Tate,Decker,FL,Jacksonville,904-870-3614,34 Stockton Tunl,
Robert,Kirk,OH,Cleveland,216-385-6411,678 Otter Cove Ter,
Valentina,Davis,NV,Las Vegas,702-570-2249,798 Colin P Kelly Jr St,
Dylan,Sherman,FL,Miami,305-163-4604,992 Divisadero St,
Brinley,Melendez,CA,Los Angeles,213-125-3821,743 Avenue N,
Gracie,Gallegos,CA,Los Angeles,213-003-5851,413 Sickles Ave,
Tatum,Sullivan,GA,Atlanta,404-111-0088,268 Paulding St,
Mikayla,Le,MN,Minneapolis,612-830-9691,409 Lapidge St,
Messiah,Miller,GA,Atlanta,404-643-2442,574 Avalon Ave,
Ariah,Proctor,OK,Oklahoma City,405-406-0724,969 Great Hwy,
Margot,Carr,TX,El Paso,915-344-8196,359 Paradise Ave,
John,David,MD,Baltimore,443-376-2914,188 South Gate Rd,
Caleb,Mullins,TX,Austin,512-703-6503,94 Blanche St,
Benson,Graham,OR,Portland,503-676-8095,689 Marina Blvd,
Abel,Walters,MD,Baltimore,443-057-9335,883 Beatrice Ln,
Nash,Simmons,CA,San Diego,858-856-0749,839 Bellair Pl,
Amira,Hardin,CA,San Diego,858-484-5660,383 Winter Pl,
Melody,Bray,LA,New Orleans,504-218-2969,69 Aspen Ct,
Adrian,Bradshaw,CA,Los Angeles,213-586-9252,964 Sussex St,
Simon,Cox,LA,New Orleans,504-855-9781,48 Le Conte Cir,
Skye,Herrera,MI,Detroit,313-850-0036,539 Tapia Dr,
Gael,Mann,CA,Los Angeles,213-661-2102,777 Mars St,
Josephine,Knapp,WA,Seattle,206-251-0294,178 Pilgrim Ave,
Skye,Kane,MI,Detroit,313-843-7196,59 Stanton St,
Marley,Patton,PA,Philadelphia,215-544-4006,213 Rizal St,
Allen,Frazier,TX,Austin,512-352-8799,790 Tevis St,
Selena,Morris,OK,Oklahoma City,405-036-2322,626 Sunset Blvd On Ramp,
Kylie,Hunt,CA,Sacramento,916-212-4486,976 Walkway,
Emerson,Wilkins,FL,Miami,305-275-9577,29 Grote Pl,
Chloe,Castro,CA,Los Angeles,213-723-8167,576 Hill Dr,
Braylen,Sloan,TN,Memphis,901-723-8798,189 Still St,
Daniel,Jones,IL,Chicago,773-381-3268,223 Arguello Blvd,
Declan,Rhodes,AZ,Phoenix,480-738-0961,527 Deems Rd,
Maryam,Estrada,GA,Atlanta,404-752-9752,967 Pope St,
Rory,Blackburn,MN,Minneapolis,612-574-8993,146 Terra Vista Ave,
Macie,Harmon,IL,Chicago,773-081-8713,221 Touchard St,
Joy,Haley,MO,Kansas City,816-121-6812,412 Howard St,
Major,Blankenship,MA,Boston,617-113-1151,31 Gold St,
Juniper,Schwartz,MN,Minneapolis,612-434-1016,10 Harlan Pl,
Journey,Shaffer,AZ,Phoenix,480-765-9346,235 Sea View Ter,
Ruth,Berg,CA,Sacramento,916-608-5780,69 Heather Ave,
Grace,Leblanc,CA,San Diego,858-082-8386,371 Wilson St,
Peyton,Church,CO,Denver,303-256-9788,593 Winding Way,
Adalyn,Lynn,TX,Austin,512-050-9827,946 Madrone Ave,
Gia,Blackwell,OK,Oklahoma City,405-085-5102,109 North View Ct,
Kaydence,Patrick,NY,New York,212-643-6703,702 Mercato Ct,
Noah,Thomas,FL,Jacksonville,904-478-8775,303 Black Pl,
Elias,Todd,NV,Las Vegas,702-760-3599,879 Laura St,
Juniper,Bowen,LA,New Orleans,504-850-0389,503 Holladay Ave,
Hank,Howell,CA,San Diego,858-066-4050,291 Quintara St,
Tucker,Whitney,CO,Denver,303-423-0120,188 Pratt Pl,
Braelyn,Vaughn,LA,New Orleans,504-305-6387,352 Heron St,
Justin,Duncan,OK,Oklahoma City,405-670-5230,148 First Dr West,
Alana,Hinton,OR,Portland,503-276-0641,478 Faith St,
Maci,Hancock,MA,Boston,617-885-3102,362 Lillian St,
Maia,Ortega,CA,Los Angeles,213-312-9444,150 Locksley Ave,
Simon,Wall,TX,Austin,512-735-4799,1000 Mission St,
Noel,Wood,CA,San Diego,858-016-8829,540 Howard Rd,
Khloe,Hinton,FL,Jacksonville,904-806-9630,59 Music Concourse Dr,
Francisco,Pugh,CA,San Diego,858-704-4865,908 El Polin Loop,
Adam,Henson,TN,Memphis,901-101-7297,589 Stillman St,
Alejandro,Donaldson,MN,Minneapolis,612-020-2275,820 Lake Merced Hill,
Emely,Herring,OH,Cleveland,216-308-8416,226 Hyde St,
Jose,Kidd,AZ,Phoenix,480-035-6359,605 Arch St,
Kendra,Mcintyre,CA,San Diego,858-632-7504,229 12th Ave,
Daniella,Lang,GA,Atlanta,404-351-1381,857 Estero Ave,
Katelyn,Chen,TX,Houston,713-422-9489,172 Coventry Ln,
Katelyn,Wade,CA,San Francisco,628-364-4604,892 Arballo Dr,
Skylar,Duran,LA,New Orleans,504-872-5226,60 West Point Rd,
Corbin,Dodson,GA,Atlanta,404-087-2449,325 Fanning Way,
Sean,Haas,MI,Detroit,313-711-8633,448 Homer St,
Malachi,Meyers,CO,Denver,303-224-7206,167 Dukes Ct,
Aidan,Estes,TX,Austin,512-447-0194,356 23rd St,
Marco,Evans,CA,Los Angeles,213-300-5330,327 I-280 N Off Ramp,
Camryn,Bell,CA,San Francisco,628-202-9727,344 San Diego Ave,
Colin,Fry,TX,Austin,512-383-8370,112 Ritch St,
Roman,Foley,OR,Portland,503-775-6083,237 Madison St,
Emma,Huang,TX,Dallas,214-310-0663,580 College Ter,
Nolan,Reynolds,TX,Houston,713-658-7558,724 Willie B Kennedy Dr,
Camryn,Cardenas,OH,Cleveland,216-587-4595,595 Putnam St,
