BarName,BeerName,Price,
33 Taps,Three Floyds Zombie Dust,4.99,
33 Taps,Founders Breakfast Stout,22.5,
33 Taps,Kern River Brewing Citra DIPA,9.25,
33 Taps,Westbrook Mexican Cake,11.0,
33 Taps,The Alchemist Heady Topper,16.0,
33 Taps,Lost Abbey Duck Duck Gooze,29.0,
33 Taps,Green Flash Hop Head Red,10.75,
33 Taps,Firestone Walker Wookey Jack,18.75,
33 Taps,The Bruery Sans Pagaie,17.75,
33 Taps,Green Flash Palate Wrecker,8.99,
A.P. Stump's,Hill Farmstead Everett Porter,2.5,
A.P. Stump's,Great Divide Yeti,11.75,
A.P. Stump's,Bud,26.75,
A.P. Stump's,Three Floyds Zombie Dust,4.99,
A.P. Stump's,Kern River Brewing Citra DIPA,9.25,
A.P. Stump's,Original Premium,19.5,
A.P. Stump's,Craftsman Cabernale,8.25,
Academia,Killian's,8.0,
Academia,Deschutes Black Butte Porter,5.0,
Academia,Toppling Goliath PseudoSue,19.25,
Academia,Hefeweizen Doppelbock,19.99,
Academia,Wicked Weed Serenity,20.5,
Academia,Founders KBS (Kentucky Breakfast Stout),1.99,
Academia,New Holland Dragon’s Milk,14.25,
Academia,Fullsteam Carver,4.5,
Academia,Hill Farmstead Abner,22.99,
Academia,21st Amendment Bitter American,15.75,
Academia,Great Lakes Edmund Fitzgerald Porter,28.99,
Academia,Stone IPA,14.25,
Academia,Avery Uncle Jacob’s Stout,22.25,
Academia,Lagunitas IPA,14.75,
Altitude Sky Lounge,Pipeworks Citra,27.75,
Altitude Sky Lounge,Odell 90 Shilling Ale,0.0,
Altitude Sky Lounge,Capital Autumnal Fire Doppelbock,22.5,
Altitude Sky Lounge,The Bruery Saison Rue,15.99,
Altitude Sky Lounge,NoDa Hop Drop n Roll,9.25,
Altitude Sky Lounge,Creamy Dark,28.99,
Altitude Sky Lounge,Great Divide Yeti,11.75,
Anvil Bar & Refuge,Alpine Great,8.75,
Anvil Bar & Refuge,North Coast Old Rasputin,12.0,
Anvil Bar & Refuge,Highland Cold Mountain Winter Ale,8.0,
Anvil Bar & Refuge,Hefeweizen Doppelbock,19.99,
Anvil Bar & Refuge,Firestone Walker Parabola,22.0,
Anvil Bar & Refuge,Allagash Curieux,0.75,
Anvil Bar & Refuge,Green Flash Hop Head Red,10.75,
Attaboy,New Belgium Lips of Faith La Folie,0.99,
Attaboy,Michelob Amber Bock,0.5,
Attaboy,Russian River Supplication,24.75,
Attaboy,Founders KBS (Kentucky Breakfast Stout),1.99,
Attaboy,Surly Brewing Darkness,12.25,
Attaboy,Troegs Mad Elf,21.75,
Attaboy,Lost Abbey Duck Duck Gooze,29.0,
B.D. Riley's,Alpine Great,8.75,
B.D. Riley's,Wicked Weed Serenity,20.5,
B.D. Riley's,Clown Shoes Undead Party Crasher,5.0,
B.D. Riley's,Michelob Golden Draft Light,9.25,
B.D. Riley's,Budweiser,12.75,
B.D. Riley's,Stone IPA,14.25,
B.D. Riley's,Firestone Walker Velvet Merkin,23.75,
B.D. Riley's,AleSmith Horny Devil,6.5,
B.D. Riley's,Zima Citrus,7.25,
BackBar,Russian River Supplication,24.75,
BackBar,Capital Autumnal Fire Doppelbock,22.5,
BackBar,Pipeworks Citra,27.75,
BackBar,Original Premium Lager,19.75,
BackBar,Perennial Artisan Ales Abraxas Imperial Stout,20.0,
BackBar,Zima Citrus,7.25,
BackBar,Sauza Diablo,26.99,
BackBar,Surly Brewing Darkness,12.25,
BackBar,Hefeweizen Doppelbock,19.99,
BackBar,Alpine Duet IPA,10.99,
BackBar,Stone IPA,14.25,
BackBar,Founders Red’s Rye,4.0,
BackBar,Jai Alai IPA,6.25,
BackBar,Victory Prima Pils,21.99,
Bar Agricole,Goose Island Bourbon County Stout,19.25,
Bar Agricole,Jai Alai IPA,6.25,
Bar Agricole,Allagash Curieux,0.75,
Bar Agricole,Stone IPA,14.25,
Bar Agricole,Firestone Walker Velvet Merkin,23.75,
Bar Agricole,Haymarket Angry Birds Rye IPA,28.75,
Bar Agricole,Hill Farmstead Everett Porter,2.5,
Bar Agricole,Original Premium Lager,19.75,
Bar Crudo ,The Bruery Sans Pagaie,17.75,
Bar Crudo ,New Holland Dragon’s Milk,14.25,
Bar Crudo ,Wicked Weed Serenity,20.5,
Bar Crudo ,Alpine Great,8.75,
Bar Crudo ,Brewery Ommegang Three Philosophers,14.0,
Bar Crudo ,Deschutes Black Butte Porter,5.0,
Bar Crudo ,Firestone Walker Velvet Merkin,23.75,
Bar Crudo ,Capital Autumnal Fire Doppelbock,22.5,
Bar Crudo ,Perennial Artisan Ales Abraxas Imperial Stout,20.0,
Bar Crudo ,Pipeworks Citra,27.75,
Bar Goto,Green Flash Palate Wrecker,8.99,
Bar Goto,Deschutes Black Butte Porter,5.0,
Bar Goto,Tröegs Nugget Nectar,18.75,
Bar Goto,Upslope Brown Ale,14.99,
Bar Goto,Perennial Artisan Ales Abraxas Imperial Stout,20.0,
Bar Goto,Founders Breakfast Stout,22.5,
Bar Goto,Extra Gold,0.25,
Bar Goto,Hair of the Dog Adam,12.0,
Bar Goto,The Bruery Sans Pagaie,17.75,
Bar Goto,New Holland Dragon’s Milk,14.25,
Bar Goto,Revolution Anti-Hero IPA,29.25,
Bar Goto,Samuel Adams Utopias,9.25,
Barnacle Bar,Ten Fidy,11.25,
Barnacle Bar,Anchor Steam Beer,0.5,
Barnacle Bar,Allagash White,1.99,
Barnacle Bar,Bell’s Hop Slam,26.0,
Barnacle Bar,Hill Farmstead Abner,22.99,
Barnacle Bar,The Bruery Sans Pagaie,17.75,
Barnacle Bar,Russian River Blind Pig IPA,16.0,
Beach Tree Bar,Breckenridge Vanilla Porter,14.75,
Beach Tree Bar,Smuttynose Finest Kind IPA,11.5,
Beach Tree Bar,Southpaw Light,19.25,
Beach Tree Bar,Hair of the Dog Adam,12.0,
Beach Tree Bar,Green Flash Palate Wrecker,8.99,
Beach Tree Bar,Widmer Brothers Hefeweizen,16.25,
Beach Tree Bar,Revolution Anti-Hero IPA,29.25,
Big Bar,Haymarket Angry Birds Rye IPA,28.75,
Big Bar,Surly Brewing Darkness,12.25,
Big Bar,Hair of the Dog Adam,12.0,
Big Bar,Troegs Mad Elf,21.75,
Big Bar,Cascade Brewing Apricot Ale,6.25,
Big Bar,Original Premium,19.5,
Big Bar,ICEHOUSE,11.99,
Big Bar,Green Flash Palate Wrecker,8.99,
Big Bar,Jolly Pumpkin La Roja,4.0,
Big Bar,The Bruery Sans Pagaie,17.75,
Big Bar,Zima,0.99,
Big Bar,Victory Prima Pils,21.99,
Big Bar,Foothills Brewing Sexual Chocolate,27.25,
Big Bar,Stone IPA,14.25,
Billy Sunday,Budweiser,12.75,
Billy Sunday,Smuttynose Finest Kind IPA,11.5,
Billy Sunday,Russian River Supplication,24.75,
Billy Sunday,Avery Mephistopheles Stout,9.75,
Billy Sunday,Green Flash Palate Wrecker,8.99,
Billy Sunday,Three Floyds Dark Lord,17.25,
Billy Sunday,Hefeweizen Doppelbock,19.99,
Billy Sunday,Cascade Brewing Apricot Ale,6.25,
Billy Sunday,Odell 90 Shilling Ale,0.0,
Bit House Saloon,Zima,0.99,
Bit House Saloon,Dale's Pale Ale,6.5,
Bit House Saloon,The Bruery Saison Rue,15.99,
Bit House Saloon,The Alchemist Heady Topper,16.0,
Bit House Saloon,Creamy Dark,28.99,
Bit House Saloon,Lost Abbey Duck Duck Gooze,29.0,
Bit House Saloon,Hair of the Dog Adam,12.0,
Bit House Saloon,Kern River Brewing Citra DIPA,9.25,
Bit House Saloon,Stone IPA,14.25,
Bit House Saloon,Hefeweizen,21.99,
Bit House Saloon,Pipeworks Citra,27.75,
Bit House Saloon,Left Hand Milk Stout Nitro,27.75,
Bit House Saloon,Samuel Adams Utopias,9.25,
BlackTail,Breckenridge Vanilla Porter,14.75,
BlackTail,Hefeweizen Doppelbock,19.99,
BlackTail,Funky Buddha Maple Bacon Coffee Porter,3.5,
BlackTail,Green Flash Hop Head Red,10.75,
BlackTail,Hair of the Dog Adam,12.0,
BlackTail,ICEHOUSE,11.99,
BlackTail,Original Premium,19.5,
BlackTail,Westbrook Gose,16.75,
BlackTail,Surly Brewing Darkness,12.25,
BlackTail,Sierra Nevada Pale Ale,3.0,
BlackTail,Zima,0.99,
BlackTail,Anchor Steam Beer,0.5,
BlackTail,Hill Farmstead Abner,22.99,
BlackTail,Green Flash Palate Wrecker,8.99,
BlackTail,Allagash White,1.99,
Blackberry Farm,Sierra Nevada Bigfoot Barleywine-Style Ale,13.75,
Blackberry Farm,The Bruery Sans Pagaie,17.75,
Blackberry Farm,Avery Rumpkin,2.99,
Blackberry Farm,Smuttynose Finest Kind IPA,11.5,
Blackberry Farm,Schlafly Pumpkin Ale,10.25,
Blackberry Farm,Lost Abbey Duck Duck Gooze,29.0,
Blackberry Farm,Breckenridge Vanilla Porter,14.75,
Blackberry Farm,New Belgium Fat Tire,21.5,
Blackberry Farm,Sierra Nevada Pale Ale,3.0,
Blackberry Farm,Half Acre Daisy Cutter,11.99,
Blackberry Farm,Russian River Pliny the Elder,9.5,
Blackberry Farm,Wicked Weed Serenity,20.5,
Blackberry Farm,Deschutes Black Butte Porter,5.0,
Blackberry Farm,Revolution Anti-Hero IPA,29.25,
Blackberry Farm,Zima Citrus,7.25,
Blue Angel,Jolly Pumpkin La Roja,4.0,
Blue Angel,Lagunitas IPA,14.75,
Blue Angel,Bell’s Two Hearted,27.75,
Blue Angel,Tröegs Nugget Nectar,18.75,
Blue Angel,Surly Brewing Darkness,12.25,
Blue Angel,Avery Uncle Jacob’s Stout,22.25,
Blue Angel,Funky Buddha Maple Bacon Coffee Porter,3.5,
Blue Angel,Deschutes Black Butte Porter,5.0,
Blue Angel,Founders Red’s Rye,4.0,
Blue Angel,Westbrook Gose,16.75,
Blue Angel,Cascade Brewing Apricot Ale,6.25,
Blue Tattoo,Bud,26.75,
Blue Tattoo,Foothills Brewing Sexual Chocolate,27.25,
Blue Tattoo,Tröegs Nugget Nectar,18.75,
Blue Tattoo,Left Hand Milk Stout Nitro,27.75,
Blue Tattoo,Original Premium Lager Dog,1.0,
Blue Tattoo,Perennial Artisan Ales Abraxas Imperial Stout,20.0,
Blue Tattoo,Ballast Point Sculpin,22.25,
Blue Tattoo,Founders Red’s Rye,4.0,
Blue Tattoo,The Alchemist Heady Topper,16.0,
Britannia Arms,Brewery Ommegang Three Philosophers,14.0,
Britannia Arms,Victory Prima Pils,21.99,
Britannia Arms,Sam Adams Boston Lager,0.25,
Britannia Arms,Alpine Duet IPA,10.99,
Britannia Arms,Hefeweizen Doppelbock,19.99,
Britannia Arms,Tröegs Nugget Nectar,18.75,
Britannia Arms,Allagash Curieux,0.75,
Britannia Arms,Michelob Amber Bock,0.5,
Britannia Arms,Samuel Adams Utopias,9.25,
Britannia Arms,Foothills Brewing Sexual Chocolate,27.25,
Britannia Arms,NoDa Hop Drop n Roll,9.25,
Britannia Arms,Rogue Shakespeare Oatmeal Stout,15.5,
Britannia Arms,Goose Island Bourbon County Stout,19.25,
Britannia Arms,Founders KBS (Kentucky Breakfast Stout),1.99,
Britannia Arms,Bud,26.75,
Broken Shaker,Brewery Ommegang Three Philosophers,14.0,
Broken Shaker,New Glarus Brewing Serendipity,16.75,
Broken Shaker,Haymarket Angry Birds Rye IPA,28.75,
Broken Shaker,DC Brau On the Wings Of Armageddon,6.75,
Broken Shaker,New Holland Dragon’s Milk,14.25,
Broken Shaker,Alpine Great,8.75,
Broken Shaker,Fullsteam Carver,4.5,
Broken Shaker,Firestone Walker Union Jack IPA,7.25,
Broken Shaker,Cigar City Hanaphu Imperial Stout,16.0,
Broken Shaker,Stolichnaya Citrona,21.99,
Broken Shaker,Michelob ULTRA,15.99,
Cabana,Left Hand Milk Stout Nitro,27.75,
Cabana,Fullsteam Carver,4.5,
Cabana,Firestone Walker Velvet Merkin,23.75,
Cabana,Great Lakes Edmund Fitzgerald Porter,28.99,
Cabana,New Holland Dragon’s Milk,14.25,
Cabana,Kern River Brewing Citra DIPA,9.25,
Cabana,Three Floyds Dark Lord,17.25,
Cabana,Widmer Brothers Hefeweizen,16.25,
Cabana,Lagunitas IPA,14.75,
Cabana,DC Brau On the Wings Of Armageddon,6.75,
Cannon,Breckenridge Vanilla Porter,14.75,
Cannon,Southpaw Light,19.25,
Cannon,ICEHOUSE,11.99,
Cannon,Samuel Adams Utopias,9.25,
Cannon,Troegs Mad Elf,21.75,
Cannon,Deschutes Black Butte Porter,5.0,
Cannon,Tröegs Nugget Nectar,18.75,
Cannon,Smuttynose Finest Kind IPA,11.5,
Caravan,Michelob Golden Draft,9.75,
Caravan,Deschutes Black Butte Porter,5.0,
Caravan,Alpine Duet IPA,10.99,
Caravan,Capital Autumnal Fire Doppelbock,22.5,
Caravan,Green Flash Palate Wrecker,8.99,
Caravan,Sauza Diablo,26.99,
Caravan,AleSmith Horny Devil,6.5,
Caravan,Jolly Pumpkin La Roja,4.0,
Caravan,Perennial Artisan Ales Abraxas Imperial Stout,20.0,
Caravan,Bud,26.75,
Caravan,Jester King Boxer’s Revenge,4.5,
Charlie Was A Sinner,Revolution Anti-Hero IPA,29.25,
Charlie Was A Sinner,Toppling Goliath PseudoSue,19.25,
Charlie Was A Sinner,Original Premium,19.5,
Charlie Was A Sinner,Foothills Brewing Sexual Chocolate,27.25,
Charlie Was A Sinner,Jai Alai IPA,6.25,
Charlie Was A Sinner,Schlafly Pumpkin Ale,10.25,
Charlie Was A Sinner,Rogue Shakespeare Oatmeal Stout,15.5,
Clover Club,Dark Horse Plead the 5th,18.99,
Clover Club,North Coast Old Rasputin,12.0,
Clover Club,Russian River Supplication,24.75,
Clover Club,The Alchemist Heady Topper,16.0,
Clover Club,Capital Autumnal Fire Doppelbock,22.5,
Clover Club,Hair of the Dog Adam,12.0,
Clover Club,ICEHOUSE,11.99,
Clover Club,New Holland Dragon’s Milk,14.25,
Clover Club,Jester King Boxer’s Revenge,4.5,
Clover Club,Wild Heaven Eschaton,24.5,
Clover Club,Jai Alai IPA,6.25,
Clover Club,Blue Moon,18.75,
Club 175,Blue Moon,18.75,
Club 175,Green Flash Palate Wrecker,8.99,
Club 175,AleSmith Horny Devil,6.5,
Club 175,Perennial Artisan Ales Abraxas Imperial Stout,20.0,
Club 175,Great Divide Yeti,11.75,
Club 175,The Alchemist Focal Banger,17.5,
Club 175,Gigantic IPA,28.25,
Club 175,Goose Island Bourbon County Stout,19.25,
Club 175,NoDa Hop Drop n Roll,9.25,
Club 175,Surly Brewing Darkness,12.25,
Club 175,Avery Uncle Jacob’s Stout,22.25,
Club 175,Brewery Ommegang Three Philosophers,14.0,
Club 175,Breckenridge Vanilla Porter,14.75,
Club 175,Hair of the Dog Adam,12.0,
Club 175,Hefeweizen Doppelbock,19.99,
Club No Minors,Highland Cold Mountain Winter Ale,8.0,
Club No Minors,Saint Arnold Fancy Lawnmower,14.75,
Club No Minors,Kern River Brewing Citra DIPA,9.25,
Club No Minors,The Alchemist Focal Banger,17.5,
Club No Minors,Wicked Weed Serenity,20.5,
Club No Minors,Hair of the Dog Adam,12.0,
Club No Minors,Clown Shoes Undead Party Crasher,5.0,
Club No Minors,Founders Red’s Rye,4.0,
Club No Minors,North Coast Old Rasputin,12.0,
Club No Minors,New Holland Dragon’s Milk,14.25,
Club No Minors,Toppling Goliath PseudoSue,19.25,
Club No Minors,Sauza Diablo,26.99,
Clyde Common,Michelob Amber Bock,0.5,
Clyde Common,Brewery Ommegang Three Philosophers,14.0,
Clyde Common,Green Flash Hop Head Red,10.75,
Clyde Common,Alpine Duet IPA,10.99,
Clyde Common,Anchor Steam Beer,0.5,
Clyde Common,New Belgium Lips of Faith La Folie,0.99,
Clyde Common,Westbrook Gose,16.75,
Clyde Common,Original Premium Lager,19.75,
Clyde Common,Upslope Brown Ale,14.99,
Clyde Common,Highland Cold Mountain Winter Ale,8.0,
Clyde Common,The Alchemist Heady Topper,16.0,
Clyde Common,Schlafly Pumpkin Ale,10.25,
Clyde Common,Troegs Mad Elf,21.75,
Clyde Common,Stone IPA,14.25,
Coconut Willie's Cocktail Lounge,Sierra Nevada Bigfoot Barleywine-Style Ale,13.75,
Coconut Willie's Cocktail Lounge,Hefeweizen Doppelbock,19.99,
Coconut Willie's Cocktail Lounge,Russian River Pliny the Elder,9.5,
Coconut Willie's Cocktail Lounge,Hair of the Dog Adam,12.0,
Coconut Willie's Cocktail Lounge,Avery Mephistopheles Stout,9.75,
Coconut Willie's Cocktail Lounge,Hefeweizen,21.99,
Coconut Willie's Cocktail Lounge,Michelob Golden Draft Light,9.25,
Coconut Willie's Cocktail Lounge,Wicked Weed Serenity,20.5,
Coconut Willie's Cocktail Lounge,Toppling Goliath PseudoSue,19.25,
Coconut Willie's Cocktail Lounge,Jai Alai IPA,6.25,
Coconut Willie's Cocktail Lounge,Avery Rumpkin,2.99,
Coconut Willie's Cocktail Lounge,Killian's,8.0,
Coconut Willie's Cocktail Lounge,Samuel Adams Utopias,9.25,
Dante,Hefeweizen Doppelbock,19.99,
Dante,Left Hand Milk Stout Nitro,27.75,
Dante,Jolly Pumpkin La Roja,4.0,
Dante,Highland Cold Mountain Winter Ale,8.0,
Dante,Perennial Artisan Ales Abraxas Imperial Stout,20.0,
Dante,Budweiser,12.75,
Dante,Russian River Supplication,24.75,
Dante,Firestone Walker Parabola,22.0,
Dante,Founders Red’s Rye,4.0,
Dante,Surly Brewing Darkness,12.25,
Dante,Original Premium,19.5,
Dante,Founders KBS (Kentucky Breakfast Stout),1.99,
Dante,Wild Heaven Eschaton,24.5,
Daquiri Time Out,Firestone Walker Parabola,22.0,
Daquiri Time Out,New Holland Dragon’s Milk,14.25,
Daquiri Time Out,Three Floyds Dark Lord,17.25,
Daquiri Time Out,Boulevard Tank 7,24.5,
Daquiri Time Out,Budweiser,12.75,
Daquiri Time Out,Westbrook Gose,16.75,
Daquiri Time Out,Kern River Brewing Citra DIPA,9.25,
Death + Company,Bud,26.75,
Death + Company,North Coast Old Rasputin,12.0,
Death + Company,ICEHOUSE,11.99,
Death + Company,Three Floyds Zombie Dust,4.99,
Death + Company,Bell’s Two Hearted,27.75,
Death + Company,Kern River Brewing Citra DIPA,9.25,
Death + Company,Stone IPA,14.25,
Death + Company,Sierra Nevada Pale Ale,3.0,
Death + Company,Wicked Weed Serenity,20.5,
Death + Company,Brooklyn Brewery Lager,22.0,
Death + Company,Bell’s Hop Slam,26.0,
Death + Company,Odell 90 Shilling Ale,0.0,
Death + Company,Green Flash Palate Wrecker,8.99,
Diamond Reef,Green Flash Hop Head Red,10.75,
Diamond Reef,ICEHOUSE,11.99,
Diamond Reef,Bell’s Two Hearted,27.75,
Diamond Reef,Russian River Blind Pig IPA,16.0,
Diamond Reef,Original Premium,19.5,
Diamond Reef,Rogue Shakespeare Oatmeal Stout,15.5,
Diamond Reef,Jester King Boxer’s Revenge,4.5,
Diamond Reef,The Bruery Saison Rue,15.99,
Diamond Reef,Widmer Brothers Hefeweizen,16.25,
Diamond Reef,Highland Cold Mountain Winter Ale,8.0,
Diamond Reef,Ballast Point Sculpin,22.25,
Diamond Reef,Firestone Walker Parabola,22.0,
Diamond Reef,Bell’s Hop Slam,26.0,
Diamond Reef,Stolichnaya Citrona,21.99,
Distil,Sam Adams Boston Lager,0.25,
Distil,Allagash Curieux,0.75,
Distil,Widmer Brothers Hefeweizen,16.25,
Distil,North Coast Old Rasputin,12.0,
Distil,Westbrook Mexican Cake,11.0,
Distil,Surly Brewing Darkness,12.25,
Distil,Funky Buddha Maple Bacon Coffee Porter,3.5,
Distil,Cascade Brewing Apricot Ale,6.25,
Distil,DC Brau On the Wings Of Armageddon,6.75,
Distil,Jester King Boxer’s Revenge,4.5,
Distil,Original Premium Lager,19.75,
Distil,Jolly Pumpkin La Roja,4.0,
Distil,Sauza Diablo,26.99,
Donna,Russian River Supplication,24.75,
Donna,New Glarus Brewing Serendipity,16.75,
Donna,Tröegs Nugget Nectar,18.75,
Donna,Craftsman Cabernale,8.25,
Donna,Founders Red’s Rye,4.0,
Donna,Stolichnaya Citrona,21.99,
Donna,Blue Moon,18.75,
Donna,Great Divide Yeti,11.75,
Donna,Victory Prima Pils,21.99,
Donna,Sierra Nevada Pale Ale,3.0,
Donna,Zima,0.99,
Donna,Left Hand Milk Stout Nitro,27.75,
Donna,Troegs Mad Elf,21.75,
Donna,Brooklyn Brewery Lager,22.0,
Donna,Lost Abbey Duck Duck Gooze,29.0,
Dram & Grain,Dale's Pale Ale,6.5,
Dram & Grain,Michelob Golden Draft Light,9.25,
Dram & Grain,The Bruery Sans Pagaie,17.75,
Dram & Grain,Brooklyn Brewery Lager,22.0,
Dram & Grain,Saint Arnold Fancy Lawnmower,14.75,
Dram & Grain,Avery Uncle Jacob’s Stout,22.25,
Dram & Grain,Sierra Nevada Pale Ale,3.0,
Dram & Grain,The Bruery Saison Rue,15.99,
Dram & Grain,Allagash White,1.99,
Dram & Grain,Dark Horse Plead the 5th,18.99,
Dram & Grain,Perennial Artisan Ales Abraxas Imperial Stout,20.0,
Dutch Kills,The Bruery Saison Rue,15.99,
Dutch Kills,Southpaw Light,19.25,
Dutch Kills,Widmer Brothers Hefeweizen,16.25,
Dutch Kills,Green Flash Palate Wrecker,8.99,
Dutch Kills,Bud,26.75,
Dutch Kills,Michelob Amber Bock,0.5,
Dutch Kills,Founders KBS (Kentucky Breakfast Stout),1.99,
Dutch Kills,Creamy Dark,28.99,
Employees Only,NoDa Hop Drop n Roll,9.25,
Employees Only,Ballast Point Sculpin,22.25,
Employees Only,Terrapin Wake n Bake,0.75,
Employees Only,Widmer Brothers Hefeweizen,16.25,
Employees Only,Avery Mephistopheles Stout,9.75,
Employees Only,Firestone Walker Union Jack IPA,7.25,
Employees Only,Green Flash Hop Head Red,10.75,
Employees Only,Budweiser,12.75,
Employees Only,Alpine Duet IPA,10.99,
Eulipia,The Bruery Sans Pagaie,17.75,
Eulipia,Brewery Ommegang Three Philosophers,14.0,
Eulipia,Zima Citrus,7.25,
Eulipia,Odell 90 Shilling Ale,0.0,
Eulipia,Breckenridge Vanilla Porter,14.75,
Eulipia,Sierra Nevada Pale Ale,3.0,
Eulipia,Three Floyds Dark Lord,17.25,
Eulipia,Left Hand Milk Stout Nitro,27.75,
Eulipia,Firestone Walker Velvet Merkin,23.75,
Eulipia,Founders KBS (Kentucky Breakfast Stout),1.99,
Eulipia,Victory Prima Pils,21.99,
Eulipia,Craftsman Cabernale,8.25,
Eulipia,Green Flash Palate Wrecker,8.99,
Eulipia,Zima,0.99,
Eulipia,Founders Red’s Rye,4.0,
Everson Royce Bar,North Coast Old Rasputin,12.0,
Everson Royce Bar,Saint Arnold Fancy Lawnmower,14.75,
Everson Royce Bar,Jolly Pumpkin La Roja,4.0,
Everson Royce Bar,Cigar City Hanaphu Imperial Stout,16.0,
Everson Royce Bar,The Bruery Saison Rue,15.99,
Everson Royce Bar,Allagash Curieux,0.75,
Everson Royce Bar,Anchor Steam Beer,0.5,
French 75,ICEHOUSE,11.99,
French 75,New Belgium Lips of Faith La Folie,0.99,
French 75,New Holland Dragon’s Milk,14.25,
French 75,Great Lakes Edmund Fitzgerald Porter,28.99,
French 75,Gigantic IPA,28.25,
French 75,Saint Arnold Fancy Lawnmower,14.75,
French 75,Three Floyds Zombie Dust,4.99,
French 75,Founders Breakfast Stout,22.5,
Galaxie,Samuel Adams Utopias,9.25,
Galaxie,Highland Cold Mountain Winter Ale,8.0,
Galaxie,Zima Citrus,7.25,
Galaxie,Funky Buddha Maple Bacon Coffee Porter,3.5,
Galaxie,Deschutes Black Butte Porter,5.0,
Galaxie,North Coast Old Rasputin,12.0,
Galaxie,Michelob Amber Bock,0.5,
Galaxie,Brewery Ommegang Three Philosophers,14.0,
Galaxie,Great Lakes Edmund Fitzgerald Porter,28.99,
Galaxie,Michelob Golden Draft Light,9.25,
Galaxie,Michelob Golden Draft,9.75,
Galaxie,Cascade Brewing Apricot Ale,6.25,
Galaxie,Victory Prima Pils,21.99,
Galaxie,Westbrook Mexican Cake,11.0,
Gecko Grill,Gigantic IPA,28.25,
Gecko Grill,Founders Red’s Rye,4.0,
Gecko Grill,Alpine Great,8.75,
Gecko Grill,Green Flash Palate Wrecker,8.99,
Gecko Grill,Avery Mephistopheles Stout,9.75,
Gecko Grill,Odell 90 Shilling Ale,0.0,
Gecko Grill,The Alchemist Heady Topper,16.0,
Gecko Grill,Lost Abbey Duck Duck Gooze,29.0,
George & Dragon,Fullsteam Carver,4.5,
George & Dragon,Troegs Mad Elf,21.75,
George & Dragon,Three Floyds Zombie Dust,4.99,
George & Dragon,Three Floyds Dark Lord,17.25,
George & Dragon,Killian's,8.0,
George & Dragon,Dogfish Head 90 Minute IPA,20.5,
George & Dragon,The Alchemist Focal Banger,17.5,
George & Dragon,Upslope Brown Ale,14.99,
George & Dragon,Toppling Goliath PseudoSue,19.25,
George & Dragon,Great Lakes Edmund Fitzgerald Porter,28.99,
George & Dragon,Tröegs Nugget Nectar,18.75,
Giza Hookah Lounge,Boulevard Tank 7,24.5,
Giza Hookah Lounge,Alpine Duet IPA,10.99,
Giza Hookah Lounge,New Glarus Brewing Serendipity,16.75,
Giza Hookah Lounge,Smuttynose Finest Kind IPA,11.5,
Giza Hookah Lounge,Hill Farmstead Abner,22.99,
Giza Hookah Lounge,Founders Red’s Rye,4.0,
Giza Hookah Lounge,Lost Abbey Duck Duck Gooze,29.0,
Giza Hookah Lounge,Dark Horse Plead the 5th,18.99,
Giza Hookah Lounge,Michelob ULTRA,15.99,
Giza Hookah Lounge,Funky Buddha Maple Bacon Coffee Porter,3.5,
Giza Hookah Lounge,Great Lakes Edmund Fitzgerald Porter,28.99,
Goodnight Gracie Jazz & Martini Bar,Smuttynose Finest Kind IPA,11.5,
Goodnight Gracie Jazz & Martini Bar,Green Flash Hop Head Red,10.75,
Goodnight Gracie Jazz & Martini Bar,Southpaw Light,19.25,
Goodnight Gracie Jazz & Martini Bar,Avery Uncle Jacob’s Stout,22.25,
Goodnight Gracie Jazz & Martini Bar,Lost Abbey Duck Duck Gooze,29.0,
Goodnight Gracie Jazz & Martini Bar,Hair of the Dog Adam,12.0,
Goodnight Gracie Jazz & Martini Bar,Lagunitas IPA,14.75,
Goodnight Gracie Jazz & Martini Bar,21st Amendment Bitter American,15.75,
Half Step,The Bruery Sans Pagaie,17.75,
Half Step,Pipeworks Citra,27.75,
Half Step,Allagash Curieux,0.75,
Half Step,Firestone Walker Wookey Jack,18.75,
Half Step,Original Premium,19.5,
Half Step,Extra Gold,0.25,
Half Step,Hill Farmstead Abner,22.99,
Half Step,North Coast Old Rasputin,12.0,
Half Step,Zima,0.99,
Half Step,Sauza Diablo,26.99,
Half Step,Westbrook Mexican Cake,11.0,
Half Step,Original Premium Lager Dog,1.0,
Half Step,Funky Buddha Maple Bacon Coffee Porter,3.5,
Half Step,Westbrook Gose,16.75,
Half Step,Deschutes Black Butte Porter,5.0,
Hedley Club,Hefeweizen,21.99,
Hedley Club,Creamy Dark,28.99,
Hedley Club,Ballast Point Sculpin,22.25,
Hedley Club,Victory Prima Pils,21.99,
Hedley Club,Odell 90 Shilling Ale,0.0,
Hedley Club,Original Premium Lager,19.75,
Hedley Club,Bud,26.75,
Hedley Club,Killian's,8.0,
Holeman & Finch Public House,Alpine Duet IPA,10.99,
Holeman & Finch Public House,Hill Farmstead Abner,22.99,
Holeman & Finch Public House,Revolution Anti-Hero IPA,29.25,
Holeman & Finch Public House,Craftsman Cabernale,8.25,
Holeman & Finch Public House,Dark Horse Plead the 5th,18.99,
Holeman & Finch Public House,Surly Brewing Darkness,12.25,
Holeman & Finch Public House,Avery Uncle Jacob’s Stout,22.25,
Holeman & Finch Public House,Pipeworks Citra,27.75,
Il Fornaio,Wicked Weed Serenity,20.5,
Il Fornaio,Cascade Brewing Apricot Ale,6.25,
Il Fornaio,Michelob Amber Bock,0.5,
Il Fornaio,New Glarus Brewing Serendipity,16.75,
Il Fornaio,Widmer Brothers Hefeweizen,16.25,
Il Fornaio,Firestone Walker Parabola,22.0,
Il Fornaio,Wild Heaven Eschaton,24.5,
Il Fornaio,Left Hand Milk Stout Nitro,27.75,
Il Fornaio,Sierra Nevada Bigfoot Barleywine-Style Ale,13.75,
Il Fornaio,Avery Uncle Jacob’s Stout,22.25,
Il Fornaio,Cigar City Hanaphu Imperial Stout,16.0,
Il Fornaio,Gigantic IPA,28.25,
Il Fornaio,The Bruery Saison Rue,15.99,
Il Fornaio,Terrapin Wake n Bake,0.75,
Il Fornaio,Extra Gold,0.25,
Julep,Hill Farmstead Abner,22.99,
Julep,Russian River Blind Pig IPA,16.0,
Julep,Michelob Golden Draft,9.75,
Julep,Bell’s Two Hearted,27.75,
Julep,Jester King Boxer’s Revenge,4.5,
Julep,Three Floyds Zombie Dust,4.99,
Julep,Alpine Great,8.75,
Julep,Firestone Walker Parabola,22.0,
Julep,Capital Autumnal Fire Doppelbock,22.5,
Julep,North Coast Old Rasputin,12.0,
Kask,Troegs Mad Elf,21.75,
Kask,Westbrook Mexican Cake,11.0,
Kask,Surly Brewing Darkness,12.25,
Kask,Schlafly Pumpkin Ale,10.25,
Kask,Dogfish Head 90 Minute IPA,20.5,
Kask,Wild Heaven Eschaton,24.5,
Kask,Zima Citrus,7.25,
Kask,Jester King Boxer’s Revenge,4.5,
Kask,Avery Mephistopheles Stout,9.75,
Kask,Funky Buddha Maple Bacon Coffee Porter,3.5,
Kask,Dark Horse Plead the 5th,18.99,
Kask,Killian's,8.0,
Kask,Kern River Brewing Citra DIPA,9.25,
King Cole Bar,Stone IPA,14.25,
King Cole Bar,Craftsman Cabernale,8.25,
King Cole Bar,Hair of the Dog Adam,12.0,
King Cole Bar,Founders Breakfast Stout,22.5,
King Cole Bar,Extra Gold,0.25,
King Cole Bar,Avery Uncle Jacob’s Stout,22.25,
King Cole Bar,Boulevard Tank 7,24.5,
King Cole Bar,Firestone Walker Union Jack IPA,7.25,
King Cole Bar,Allagash Curieux,0.75,
Kon Tiki Restaurant Lounge,Brooklyn Brewery Lager,22.0,
Kon Tiki Restaurant Lounge,Russian River Pliny the Elder,9.5,
Kon Tiki Restaurant Lounge,Upslope Brown Ale,14.99,
Kon Tiki Restaurant Lounge,Half Acre Daisy Cutter,11.99,
Kon Tiki Restaurant Lounge,Michelob Golden Draft,9.75,
Kon Tiki Restaurant Lounge,Creamy Dark,28.99,
Kon Tiki Restaurant Lounge,Ballast Point Sculpin,22.25,
Kon Tiki Restaurant Lounge,Rogue Shakespeare Oatmeal Stout,15.5,
Leyenda,Terrapin Wake n Bake,0.75,
Leyenda,Hair of the Dog Adam,12.0,
Leyenda,Toppling Goliath PseudoSue,19.25,
Leyenda,Southpaw Light,19.25,
Leyenda,Blue Moon,18.75,
Leyenda,Boulevard Tank 7,24.5,
Leyenda,Capital Autumnal Fire Doppelbock,22.5,
Leyenda,New Belgium Lips of Faith La Folie,0.99,
Lost Lake,Terrapin Wake n Bake,0.75,
Lost Lake,Jolly Pumpkin La Roja,4.0,
Lost Lake,Breckenridge Vanilla Porter,14.75,
Lost Lake,Firestone Walker Wookey Jack,18.75,
Lost Lake,Deschutes Black Butte Porter,5.0,
Lost Lake,Michelob Amber Bock,0.5,
Lost Lake,Budweiser,12.75,
Lost Lake,Hill Farmstead Everett Porter,2.5,
Lost Lake,Upslope Brown Ale,14.99,
Mace ,Odell 90 Shilling Ale,0.0,
Mace ,Samuel Adams Utopias,9.25,
Mace ,New Glarus Brewing Serendipity,16.75,
Mace ,Victory Prima Pils,21.99,
Mace ,Lagunitas IPA,14.75,
Mace ,Gigantic IPA,28.25,
Mace ,Founders Red’s Rye,4.0,
Mace ,Russian River Pliny the Elder,9.5,
Mace ,Westbrook Gose,16.75,
Mai Tai Bar,Kern River Brewing Citra DIPA,9.25,
Mai Tai Bar,Founders Red’s Rye,4.0,
Mai Tai Bar,Terrapin Wake n Bake,0.75,
Mai Tai Bar,Hair of the Dog Adam,12.0,
Mai Tai Bar,Breckenridge Vanilla Porter,14.75,
Mai Tai Bar,DC Brau On the Wings Of Armageddon,6.75,
Mai Tai Bar,Michelob Amber Bock,0.5,
Marvel Bar,Firestone Walker Velvet Merkin,23.75,
Marvel Bar,Widmer Brothers Hefeweizen,16.25,
Marvel Bar,Michelob Golden Draft Light,9.25,
Marvel Bar,Brewery Ommegang Three Philosophers,14.0,
Marvel Bar,Great Lakes Edmund Fitzgerald Porter,28.99,
Marvel Bar,Bud,26.75,
Marvel Bar,Clown Shoes Undead Party Crasher,5.0,
Marvel Bar,Michelob Golden Draft,9.75,
Marvel Bar,Creamy Dark,28.99,
Marvel Bar,Toppling Goliath PseudoSue,19.25,
Marvel Bar,Avery Uncle Jacob’s Stout,22.25,
Marvel Bar,Craftsman Cabernale,8.25,
Marvel Bar,Wicked Weed Serenity,20.5,
Marvel Bar,Extra Gold,0.25,
Marvel Bar,Revolution Anti-Hero IPA,29.25,
McMahon's Public House,Kern River Brewing Citra DIPA,9.25,
McMahon's Public House,Ten Fidy,11.25,
McMahon's Public House,Hair of the Dog Adam,12.0,
McMahon's Public House,Half Acre Daisy Cutter,11.99,
McMahon's Public House,The Bruery Sans Pagaie,17.75,
McMahon's Public House,Stolichnaya Citrona,21.99,
McMahon's Public House,Revolution Anti-Hero IPA,29.25,
McMahon's Public House,Foothills Brewing Sexual Chocolate,27.25,
McMahon's Public House,Russian River Pliny the Elder,9.5,
Milk Room,The Bruery Sans Pagaie,17.75,
Milk Room,Bell’s Two Hearted,27.75,
Milk Room,Alpine Great,8.75,
Milk Room,DC Brau On the Wings Of Armageddon,6.75,
Milk Room,Westbrook Mexican Cake,11.0,
Milk Room,Terrapin Wake n Bake,0.75,
Milk Room,Stolichnaya Citrona,21.99,
Milk Room,Craftsman Cabernale,8.25,
Milk Room,Firestone Walker Velvet Merkin,23.75,
Milk Room,Gigantic IPA,28.25,
Milk Room,Jolly Pumpkin La Roja,4.0,
Milk Room,Original Premium Lager,19.75,
Million Dollar Cowboy Bar,Hill Farmstead Everett Porter,2.5,
Million Dollar Cowboy Bar,Hair of the Dog Adam,12.0,
Million Dollar Cowboy Bar,Widmer Brothers Hefeweizen,16.25,
Million Dollar Cowboy Bar,NoDa Hop Drop n Roll,9.25,
Million Dollar Cowboy Bar,Saint Arnold Fancy Lawnmower,14.75,
Million Dollar Cowboy Bar,Firestone Walker Union Jack IPA,7.25,
Million Dollar Cowboy Bar,Hefeweizen Doppelbock,19.99,
Molly's Shebeen,Craftsman Cabernale,8.25,
Molly's Shebeen,Russian River Pliny the Elder,9.5,
Molly's Shebeen,Dark Horse Plead the 5th,18.99,
Molly's Shebeen,Three Floyds Dark Lord,17.25,
Molly's Shebeen,Anchor Steam Beer,0.5,
Molly's Shebeen,Funky Buddha Maple Bacon Coffee Porter,3.5,
Molly's Shebeen,Schlafly Pumpkin Ale,10.25,
Molly's Shebeen,New Belgium Fat Tire,21.5,
Molly's Shebeen,Firestone Walker Union Jack IPA,7.25,
Molly's Shebeen,Killian's,8.0,
Molly's Shebeen,The Alchemist Heady Topper,16.0,
Molly's Shebeen,Perennial Artisan Ales Abraxas Imperial Stout,20.0,
Molly's Shebeen,Founders Breakfast Stout,22.5,
Multnomah Whiskey Library,Upslope Brown Ale,14.99,
Multnomah Whiskey Library,Founders Breakfast Stout,22.5,
Multnomah Whiskey Library,Lagunitas Brown Shugga,11.25,
Multnomah Whiskey Library,Surly Brewing Darkness,12.25,
Multnomah Whiskey Library,Sierra Nevada Pale Ale,3.0,
Multnomah Whiskey Library,Avery Uncle Jacob’s Stout,22.25,
Multnomah Whiskey Library,Haymarket Angry Birds Rye IPA,28.75,
Multnomah Whiskey Library,Michelob ULTRA,15.99,
Multnomah Whiskey Library,Alpine Duet IPA,10.99,
No Vacancy at the Juniper Hotel,Odell 90 Shilling Ale,0.0,
No Vacancy at the Juniper Hotel,Saint Arnold Fancy Lawnmower,14.75,
No Vacancy at the Juniper Hotel,Allagash Curieux,0.75,
No Vacancy at the Juniper Hotel,Founders Breakfast Stout,22.5,
No Vacancy at the Juniper Hotel,Original Premium,19.5,
No Vacancy at the Juniper Hotel,Alpine Duet IPA,10.99,
No Vacancy at the Juniper Hotel,Avery Mephistopheles Stout,9.75,
No Vacancy at the Juniper Hotel,Perennial Artisan Ales Abraxas Imperial Stout,20.0,
No Vacancy at the Juniper Hotel,Jester King Boxer’s Revenge,4.5,
Occidental,Founders KBS (Kentucky Breakfast Stout),1.99,
Occidental,Toppling Goliath PseudoSue,19.25,
Occidental,Haymarket Angry Birds Rye IPA,28.75,
Occidental,Sierra Nevada Pale Ale,3.0,
Occidental,Creamy Dark,28.99,
Occidental,Hill Farmstead Everett Porter,2.5,
Occidental,Wicked Weed Serenity,20.5,
Occidental,New Holland Dragon’s Milk,14.25,
Old Ebbitt Grill,Dale's Pale Ale,6.5,
Old Ebbitt Grill,Russian River Supplication,24.75,
Old Ebbitt Grill,Boulevard Tank 7,24.5,
Old Ebbitt Grill,Troegs Mad Elf,21.75,
Old Ebbitt Grill,NoDa Hop Drop n Roll,9.25,
Old Ebbitt Grill,Avery Uncle Jacob’s Stout,22.25,
Old Ebbitt Grill,Ballast Point Sculpin,22.25,
PX,Michelob ULTRA,15.99,
PX,Smuttynose Finest Kind IPA,11.5,
PX,Perennial Artisan Ales Abraxas Imperial Stout,20.0,
PX,Hefeweizen Doppelbock,19.99,
PX,Hefeweizen,21.99,
PX,Widmer Brothers Hefeweizen,16.25,
PX,Russian River Pliny the Elder,9.5,
PX,Sierra Nevada Pale Ale,3.0,
PX,Great Lakes Edmund Fitzgerald Porter,28.99,
PX,Great Divide Yeti,11.75,
PX,Extra Gold,0.25,
PX,Avery Rumpkin,2.99,
Polite Provisions,Zima,0.99,
Polite Provisions,Schlafly Pumpkin Ale,10.25,
Polite Provisions,New Belgium Lips of Faith La Folie,0.99,
Polite Provisions,Hefeweizen,21.99,
Polite Provisions,Rogue Shakespeare Oatmeal Stout,15.5,
Polite Provisions,Westbrook Mexican Cake,11.0,
Polite Provisions,Fullsteam Carver,4.5,
Polite Provisions,Killian's,8.0,
Polite Provisions,Bell’s Two Hearted,27.75,
Prairie School,Green Flash Hop Head Red,10.75,
Prairie School,Killian's,8.0,
Prairie School,North Coast Old Rasputin,12.0,
Prairie School,Kern River Brewing Citra DIPA,9.25,
Prairie School,Extra Gold,0.25,
Prairie School,Lagunitas IPA,14.75,
Prairie School,Upslope Brown Ale,14.99,
Prairie School,ICEHOUSE,11.99,
Prairie School,Hill Farmstead Everett Porter,2.5,
Prizefighter,Bell’s Hop Slam,26.0,
Prizefighter,Upslope Brown Ale,14.99,
Prizefighter,Bell’s Two Hearted,27.75,
Prizefighter,Firestone Walker Velvet Merkin,23.75,
Prizefighter,Allagash Curieux,0.75,
Prizefighter,Kern River Brewing Citra DIPA,9.25,
Prizefighter,Hill Farmstead Everett Porter,2.5,
Prizefighter,Avery Uncle Jacob’s Stout,22.25,
Prizefighter,Tröegs Nugget Nectar,18.75,
Prizefighter,Russian River Supplication,24.75,
Prizefighter,ICEHOUSE,11.99,
Prizefighter,Highland Cold Mountain Winter Ale,8.0,
Prizefighter,Jolly Pumpkin La Roja,4.0,
Proof,Jolly Pumpkin La Roja,4.0,
Proof,Upslope Brown Ale,14.99,
Proof,Founders Breakfast Stout,22.5,
Proof,Craftsman Cabernale,8.25,
Proof,Hill Farmstead Abner,22.99,
Proof,Green Flash Palate Wrecker,8.99,
Proof,Alpine Duet IPA,10.99,
Proof,Westbrook Gose,16.75,
ROKC,Breckenridge Vanilla Porter,14.75,
ROKC,Dark Horse Plead the 5th,18.99,
ROKC,Half Acre Daisy Cutter,11.99,
ROKC,Avery Uncle Jacob’s Stout,22.25,
ROKC,Allagash Curieux,0.75,
ROKC,Goose Island Bourbon County Stout,19.25,
ROKC,Firestone Walker Union Jack IPA,7.25,
ROKC,The Alchemist Heady Topper,16.0,
ROKC,Blue Moon,18.75,
ROKC,Killian's,8.0,
Range,New Glarus Brewing Serendipity,16.75,
Range,Three Floyds Dark Lord,17.25,
Range,Southpaw Light,19.25,
Range,Surly Brewing Darkness,12.25,
Range,New Belgium Lips of Faith La Folie,0.99,
Range,Samuel Adams Utopias,9.25,
Range,Founders KBS (Kentucky Breakfast Stout),1.99,
Range,Jai Alai IPA,6.25,
Range,Alpine Duet IPA,10.99,
Range,Craftsman Cabernale,8.25,
Range,Capital Autumnal Fire Doppelbock,22.5,
Range,Firestone Walker Union Jack IPA,7.25,
Range,Upslope Brown Ale,14.99,
Range,Green Flash Palate Wrecker,8.99,
Raven & Rose,New Holland Dragon’s Milk,14.25,
Raven & Rose,Creamy Dark,28.99,
Raven & Rose,Allagash White,1.99,
Raven & Rose,Hefeweizen Doppelbock,19.99,
Raven & Rose,Toppling Goliath PseudoSue,19.25,
Raven & Rose,Firestone Walker Wookey Jack,18.75,
Raven & Rose,Dale's Pale Ale,6.5,
Raven & Rose,Lagunitas Brown Shugga,11.25,
Raven & Rose,Smuttynose Finest Kind IPA,11.5,
Raven & Rose,Great Divide Yeti,11.75,
Red Key Tavern,Rogue Shakespeare Oatmeal Stout,15.5,
Red Key Tavern,The Bruery Saison Rue,15.99,
Red Key Tavern,Cascade Brewing Apricot Ale,6.25,
Red Key Tavern,Pipeworks Citra,27.75,
Red Key Tavern,Troegs Mad Elf,21.75,
Red Key Tavern,Founders Red’s Rye,4.0,
Red Key Tavern,ICEHOUSE,11.99,
Red Key Tavern,Great Lakes Edmund Fitzgerald Porter,28.99,
Red Key Tavern,Green Flash Palate Wrecker,8.99,
Red Key Tavern,Founders Breakfast Stout,22.5,
Red Key Tavern,Hill Farmstead Everett Porter,2.5,
Red Key Tavern,Jolly Pumpkin La Roja,4.0,
Room 11,Westbrook Gose,16.75,
Room 11,Avery Uncle Jacob’s Stout,22.25,
Room 11,Haymarket Angry Birds Rye IPA,28.75,
Room 11,Jolly Pumpkin La Roja,4.0,
Room 11,DC Brau On the Wings Of Armageddon,6.75,
Room 11,Creamy Dark,28.99,
Room 11,Troegs Mad Elf,21.75,
Room 11,Bell’s Hop Slam,26.0,
Room 11,Green Flash Palate Wrecker,8.99,
Room 11,Schlafly Pumpkin Ale,10.25,
Room 11,Alpine Duet IPA,10.99,
Room 11,The Bruery Saison Rue,15.99,
Room 11,Anchor Steam Beer,0.5,
Salty Dawg Saloon,Russian River Blind Pig IPA,16.0,
Salty Dawg Saloon,Green Flash Palate Wrecker,8.99,
Salty Dawg Saloon,Sam Adams Boston Lager,0.25,
Salty Dawg Saloon,Michelob Golden Draft,9.75,
Salty Dawg Saloon,Russian River Pliny the Elder,9.5,
Salty Dawg Saloon,Cascade Brewing Apricot Ale,6.25,
Salty Dawg Saloon,Tröegs Nugget Nectar,18.75,
Salty Dawg Saloon,Sauza Diablo,26.99,
Salty Dawg Saloon,Creamy Dark,28.99,
Sassafras Saloon,Firestone Walker Union Jack IPA,7.25,
Sassafras Saloon,DC Brau On the Wings Of Armageddon,6.75,
Sassafras Saloon,Kern River Brewing Citra DIPA,9.25,
Sassafras Saloon,The Alchemist Heady Topper,16.0,
Sassafras Saloon,The Bruery Sans Pagaie,17.75,
Sassafras Saloon,Green Flash Hop Head Red,10.75,
Sassafras Saloon,Avery Uncle Jacob’s Stout,22.25,
Sassafras Saloon,Lagunitas Brown Shugga,11.25,
Sazerac Bar,Dogfish Head 90 Minute IPA,20.5,
Sazerac Bar,Green Flash Hop Head Red,10.75,
Sazerac Bar,Capital Autumnal Fire Doppelbock,22.5,
Sazerac Bar,Killian's,8.0,
Sazerac Bar,Great Lakes Edmund Fitzgerald Porter,28.99,
Sazerac Bar,Perennial Artisan Ales Abraxas Imperial Stout,20.0,
Sazerac Bar,Revolution Anti-Hero IPA,29.25,
Sazerac Bar,Smuttynose Finest Kind IPA,11.5,
Seamstress,Haymarket Angry Birds Rye IPA,28.75,
Seamstress,Russian River Supplication,24.75,
Seamstress,Clown Shoes Undead Party Crasher,5.0,
Seamstress,Founders Breakfast Stout,22.5,
Seamstress,Perennial Artisan Ales Abraxas Imperial Stout,20.0,
Seamstress,The Bruery Saison Rue,15.99,
Seamstress,Foothills Brewing Sexual Chocolate,27.25,
Seamstress,Smuttynose Finest Kind IPA,11.5,
Seamstress,Brooklyn Brewery Lager,22.0,
Seamstress,Southpaw Light,19.25,
Seamstress,Founders Red’s Rye,4.0,
Seven Bamboo,The Alchemist Heady Topper,16.0,
Seven Bamboo,Funky Buddha Maple Bacon Coffee Porter,3.5,
Seven Bamboo,Bell’s Hop Slam,26.0,
Seven Bamboo,Avery Uncle Jacob’s Stout,22.25,
Seven Bamboo,Hefeweizen,21.99,
Seven Bamboo,Revolution Anti-Hero IPA,29.25,
Seven Bamboo,Wild Heaven Eschaton,24.5,
Seven Bamboo,Sierra Nevada Bigfoot Barleywine-Style Ale,13.75,
Seven Bamboo,Extra Gold,0.25,
Seven Bamboo,Troegs Mad Elf,21.75,
Seven Bamboo,Dogfish Head 90 Minute IPA,20.5,
Seven Bamboo,Budweiser,12.75,
Seven Bamboo,Hefeweizen Doppelbock,19.99,
Seven Bamboo,New Glarus Brewing Serendipity,16.75,
Seven Bamboo,Three Floyds Dark Lord,17.25,
Slowly Shirley,Funky Buddha Maple Bacon Coffee Porter,3.5,
Slowly Shirley,Gigantic IPA,28.25,
Slowly Shirley,Dale's Pale Ale,6.5,
Slowly Shirley,New Belgium Lips of Faith La Folie,0.99,
Slowly Shirley,Russian River Blind Pig IPA,16.0,
Slowly Shirley,Michelob Golden Draft Light,9.25,
Slowly Shirley,Bud,26.75,
Slowly Shirley,Stolichnaya Citrona,21.99,
Slowly Shirley,Allagash Curieux,0.75,
Slowly Shirley,Deschutes Black Butte Porter,5.0,
Social,The Alchemist Heady Topper,16.0,
Social,Hair of the Dog Adam,12.0,
Social,AleSmith Horny Devil,6.5,
Social,Russian River Pliny the Elder,9.5,
Social,Firestone Walker Parabola,22.0,
Social,Brooklyn Brewery Lager,22.0,
Social,Anchor Steam Beer,0.5,
Spilt Milk,Goose Island Bourbon County Stout,19.25,
Spilt Milk,Blue Moon,18.75,
Spilt Milk,Troegs Mad Elf,21.75,
Spilt Milk,New Glarus Brewing Serendipity,16.75,
Spilt Milk,Michelob Golden Draft,9.75,
Spilt Milk,Original Premium Lager Dog,1.0,
Spilt Milk,Jai Alai IPA,6.25,
Spilt Milk,Founders Red’s Rye,4.0,
Spilt Milk,Firestone Walker Parabola,22.0,
Spilt Milk,Firestone Walker Wookey Jack,18.75,
Spilt Milk,Michelob Golden Draft Light,9.25,
Spilt Milk,Hill Farmstead Everett Porter,2.5,
Spilt Milk,Lagunitas Brown Shugga,11.25,
Spilt Milk,Perennial Artisan Ales Abraxas Imperial Stout,20.0,
Spilt Milk,NoDa Hop Drop n Roll,9.25,
Spirit,Three Floyds Zombie Dust,4.99,
Spirit,The Bruery Sans Pagaie,17.75,
Spirit,Budweiser,12.75,
Spirit,Founders Breakfast Stout,22.5,
Spirit,Michelob Amber Bock,0.5,
Spirit,Founders Red’s Rye,4.0,
Spirit,New Belgium Lips of Faith La Folie,0.99,
Spirit,Firestone Walker Parabola,22.0,
Spirit,Craftsman Cabernale,8.25,
Spirit,Upslope Brown Ale,14.99,
Spirit,Avery Rumpkin,2.99,
Spirit,Ballast Point Sculpin,22.25,
Square Grouper Tiki Bar,Sam Adams Boston Lager,0.25,
Square Grouper Tiki Bar,Firestone Walker Parabola,22.0,
Square Grouper Tiki Bar,Kern River Brewing Citra DIPA,9.25,
Square Grouper Tiki Bar,Killian's,8.0,
Square Grouper Tiki Bar,Cigar City Hanaphu Imperial Stout,16.0,
Square Grouper Tiki Bar,Dogfish Head 90 Minute IPA,20.5,
Square Grouper Tiki Bar,Widmer Brothers Hefeweizen,16.25,
Square Grouper Tiki Bar,Ten Fidy,11.25,
Sweet Liberty,Bud,26.75,
Sweet Liberty,Kern River Brewing Citra DIPA,9.25,
Sweet Liberty,Founders Breakfast Stout,22.5,
Sweet Liberty,Original Premium,19.5,
Sweet Liberty,Wicked Weed Serenity,20.5,
Sweet Liberty,Perennial Artisan Ales Abraxas Imperial Stout,20.0,
Sweet Liberty,Brooklyn Brewery Lager,22.0,
Sweet Liberty,Firestone Walker Parabola,22.0,
Taste by Niche,Dogfish Head 90 Minute IPA,20.5,
Taste by Niche,Zima,0.99,
Taste by Niche,Three Floyds Dark Lord,17.25,
Taste by Niche,Saint Arnold Fancy Lawnmower,14.75,
Taste by Niche,Westbrook Mexican Cake,11.0,
Taste by Niche,Revolution Anti-Hero IPA,29.25,
Taste by Niche,Original Premium Lager Dog,1.0,
Taste by Niche,NoDa Hop Drop n Roll,9.25,
Taste by Niche,Smuttynose Finest Kind IPA,11.5,
Taste by Niche,Founders Breakfast Stout,22.5,
Taste by Niche,Ballast Point Sculpin,22.25,
Taste by Niche,Russian River Pliny the Elder,9.5,
Taste by Niche,Lagunitas Brown Shugga,11.25,
Taste by Niche,The Bruery Saison Rue,15.99,
Taste by Niche,Boulevard Tank 7,24.5,
The Alembic,Firestone Walker Wookey Jack,18.75,
The Alembic,Hair of the Dog Adam,12.0,
The Alembic,Toppling Goliath PseudoSue,19.25,
The Alembic,Odell 90 Shilling Ale,0.0,
The Alembic,Troegs Mad Elf,21.75,
The Alembic,North Coast Old Rasputin,12.0,
The Alembic,Ballast Point Sculpin,22.25,
The Alembic,DC Brau On the Wings Of Armageddon,6.75,
The B-Hive,Zima,0.99,
The B-Hive,Surly Brewing Darkness,12.25,
The B-Hive,Hill Farmstead Abner,22.99,
The B-Hive,Alpine Duet IPA,10.99,
The B-Hive,New Belgium Fat Tire,21.5,
The B-Hive,Upslope Brown Ale,14.99,
The B-Hive,Victory Prima Pils,21.99,
The B-Hive,Jester King Boxer’s Revenge,4.5,
The B-Hive,ICEHOUSE,11.99,
The B-Hive,Pipeworks Citra,27.75,
The B-Hive,Stone IPA,14.25,
The B-Hive,Rogue Shakespeare Oatmeal Stout,15.5,
The B-Hive,Saint Arnold Fancy Lawnmower,14.75,
The B-Hive,Hefeweizen Doppelbock,19.99,
The Backbeat,Russian River Blind Pig IPA,16.0,
The Backbeat,Perennial Artisan Ales Abraxas Imperial Stout,20.0,
The Backbeat,Michelob Golden Draft Light,9.25,
The Backbeat,Westbrook Mexican Cake,11.0,
The Backbeat,Tröegs Nugget Nectar,18.75,
The Backbeat,Alpine Great,8.75,
The Backbeat,Foothills Brewing Sexual Chocolate,27.25,
The Backbeat,ICEHOUSE,11.99,
The Baldwin and Sons Trading Co.,Lagunitas Brown Shugga,11.25,
The Baldwin and Sons Trading Co.,Haymarket Angry Birds Rye IPA,28.75,
The Baldwin and Sons Trading Co.,Lost Abbey Duck Duck Gooze,29.0,
The Baldwin and Sons Trading Co.,Original Premium,19.5,
The Baldwin and Sons Trading Co.,Widmer Brothers Hefeweizen,16.25,
The Baldwin and Sons Trading Co.,Michelob Amber Bock,0.5,
The Baldwin and Sons Trading Co.,Terrapin Wake n Bake,0.75,
The Baldwin and Sons Trading Co.,Breckenridge Vanilla Porter,14.75,
The Baldwin and Sons Trading Co.,Brooklyn Brewery Lager,22.0,
The Baldwin and Sons Trading Co.,Troegs Mad Elf,21.75,
The Baldwin and Sons Trading Co.,Ten Fidy,11.25,
The Baldwin and Sons Trading Co.,Russian River Supplication,24.75,
The Baldwin and Sons Trading Co.,Upslope Brown Ale,14.99,
The Bar Room at the Beekman Hotel,Lagunitas Brown Shugga,11.25,
The Bar Room at the Beekman Hotel,Boulevard Tank 7,24.5,
The Bar Room at the Beekman Hotel,Jolly Pumpkin La Roja,4.0,
The Bar Room at the Beekman Hotel,Brewery Ommegang Three Philosophers,14.0,
The Bar Room at the Beekman Hotel,Samuel Adams Utopias,9.25,
The Bar Room at the Beekman Hotel,Dogfish Head 90 Minute IPA,20.5,
The Bar Room at the Beekman Hotel,The Alchemist Focal Banger,17.5,
The Bar Room at the Beekman Hotel,Upslope Brown Ale,14.99,
The Bar Room at the Beekman Hotel,Capital Autumnal Fire Doppelbock,22.5,
The Bar Room at the Beekman Hotel,Wild Heaven Eschaton,24.5,
The Bar Room at the Beekman Hotel,Dark Horse Plead the 5th,18.99,
The Bar Room at the Beekman Hotel,Original Premium,19.5,
The Bar Room at the Beekman Hotel,Stolichnaya Citrona,21.99,
The Bar Room at the Beekman Hotel,AleSmith Horny Devil,6.5,
The Bella Union,Firestone Walker Union Jack IPA,7.25,
The Bella Union,Sierra Nevada Pale Ale,3.0,
The Bella Union,Wild Heaven Eschaton,24.5,
The Bella Union,Schlafly Pumpkin Ale,10.25,
The Bella Union,Surly Brewing Darkness,12.25,
The Bella Union,AleSmith Horny Devil,6.5,
The Bella Union,Westbrook Gose,16.75,
The Bella Union,The Bruery Sans Pagaie,17.75,
The Bella Union,Widmer Brothers Hefeweizen,16.25,
The Bella Union,Sam Adams Boston Lager,0.25,
The Bella Union,North Coast Old Rasputin,12.0,
The Bella Union,Bud,26.75,
The Blank Club,Stone IPA,14.25,
The Blank Club,Firestone Walker Union Jack IPA,7.25,
The Blank Club,Hefeweizen,21.99,
The Blank Club,Original Premium,19.5,
The Blank Club,Dogfish Head 90 Minute IPA,20.5,
The Blank Club,Ballast Point Sculpin,22.25,
The Blank Club,Foothills Brewing Sexual Chocolate,27.25,
The Blank Club,Dale's Pale Ale,6.5,
The Capital Bar & Grill,Lagunitas Brown Shugga,11.25,
The Capital Bar & Grill,Cigar City Hanaphu Imperial Stout,16.0,
The Capital Bar & Grill,Russian River Supplication,24.75,
The Capital Bar & Grill,Brooklyn Brewery Lager,22.0,
The Capital Bar & Grill,Three Floyds Zombie Dust,4.99,
The Capital Bar & Grill,Michelob Amber Bock,0.5,
The Capital Bar & Grill,Blue Moon,18.75,
The Capital Bar & Grill,Victory Prima Pils,21.99,
The Capital Bar & Grill,Alpine Duet IPA,10.99,
The Carousel Bar & Lounge,Schlafly Pumpkin Ale,10.25,
The Carousel Bar & Lounge,DC Brau On the Wings Of Armageddon,6.75,
The Carousel Bar & Lounge,Boulevard Tank 7,24.5,
The Carousel Bar & Lounge,Foothills Brewing Sexual Chocolate,27.25,
The Carousel Bar & Lounge,Goose Island Bourbon County Stout,19.25,
The Carousel Bar & Lounge,Lagunitas Brown Shugga,11.25,
The Carousel Bar & Lounge,21st Amendment Bitter American,15.75,
The Carousel Bar & Lounge,Founders Breakfast Stout,22.5,
The Carousel Bar & Lounge,Creamy Dark,28.99,
The Carousel Bar & Lounge,Avery Rumpkin,2.99,
The Carousel Bar & Lounge,Fullsteam Carver,4.5,
The Carousel Bar & Lounge,Craftsman Cabernale,8.25,
The Carousel Bar & Lounge,New Belgium Fat Tire,21.5,
The Carousel Bar & Lounge,Saint Arnold Fancy Lawnmower,14.75,
The Dead Rabbit,Goose Island Bourbon County Stout,19.25,
The Dead Rabbit,Sam Adams Boston Lager,0.25,
The Dead Rabbit,Capital Autumnal Fire Doppelbock,22.5,
The Dead Rabbit,Zima,0.99,
The Dead Rabbit,Smuttynose Finest Kind IPA,11.5,
The Dead Rabbit,Avery Uncle Jacob’s Stout,22.25,
The Dead Rabbit,Sierra Nevada Pale Ale,3.0,
The Dubliner,Brewery Ommegang Three Philosophers,14.0,
The Dubliner,Westbrook Mexican Cake,11.0,
The Dubliner,Avery Uncle Jacob’s Stout,22.25,
The Dubliner,Founders KBS (Kentucky Breakfast Stout),1.99,
The Dubliner,Michelob ULTRA,15.99,
The Dubliner,Revolution Anti-Hero IPA,29.25,
The Dubliner,Original Premium Lager Dog,1.0,
The Dubliner,AleSmith Horny Devil,6.5,
The Dubliner,Saint Arnold Fancy Lawnmower,14.75,
The Dubliner,Three Floyds Zombie Dust,4.99,
The Dubliner,Perennial Artisan Ales Abraxas Imperial Stout,20.0,
The Dubliner,Dale's Pale Ale,6.5,
The Dubliner,Lost Abbey Duck Duck Gooze,29.0,
The Dubliner,Great Divide Yeti,11.75,
The Dubliner,North Coast Old Rasputin,12.0,
The Griswold Inn Tap Room,Bud,26.75,
The Griswold Inn Tap Room,Brooklyn Brewery Lager,22.0,
The Griswold Inn Tap Room,NoDa Hop Drop n Roll,9.25,
The Griswold Inn Tap Room,Green Flash Hop Head Red,10.75,
The Griswold Inn Tap Room,Anchor Steam Beer,0.5,
The Griswold Inn Tap Room,Toppling Goliath PseudoSue,19.25,
The Griswold Inn Tap Room,Creamy Dark,28.99,
The Griswold Inn Tap Room,Michelob ULTRA,15.99,
The Griswold Inn Tap Room,The Alchemist Heady Topper,16.0,
The Hawthorne,Haymarket Angry Birds Rye IPA,28.75,
The Hawthorne,Bell’s Two Hearted,27.75,
The Hawthorne,Firestone Walker Parabola,22.0,
The Hawthorne,Clown Shoes Undead Party Crasher,5.0,
The Hawthorne,Sauza Diablo,26.99,
The Hawthorne,Breckenridge Vanilla Porter,14.75,
The Hawthorne,Brooklyn Brewery Lager,22.0,
The Hawthorne,21st Amendment Bitter American,15.75,
The Kill Devil Club,The Bruery Saison Rue,15.99,
The Kill Devil Club,Victory Prima Pils,21.99,
The Kill Devil Club,Brewery Ommegang Three Philosophers,14.0,
The Kill Devil Club,Sauza Diablo,26.99,
The Kill Devil Club,Left Hand Milk Stout Nitro,27.75,
The Kill Devil Club,Alpine Great,8.75,
The Kill Devil Club,Original Premium Lager Dog,1.0,
The Kill Devil Club,Firestone Walker Velvet Merkin,23.75,
The Kill Devil Club,Highland Cold Mountain Winter Ale,8.0,
The Kill Devil Club,Funky Buddha Maple Bacon Coffee Porter,3.5,
The Magdalenae Room,Troegs Mad Elf,21.75,
The Magdalenae Room,Firestone Walker Wookey Jack,18.75,
The Magdalenae Room,AleSmith Horny Devil,6.5,
The Magdalenae Room,The Alchemist Focal Banger,17.5,
The Magdalenae Room,Creamy Dark,28.99,
The Magdalenae Room,Killian's,8.0,
The Magdalenae Room,New Belgium Lips of Faith La Folie,0.99,
The Magdalenae Room,Victory Prima Pils,21.99,
The Magdalenae Room,Odell 90 Shilling Ale,0.0,
The Magdalenae Room,Lost Abbey Duck Duck Gooze,29.0,
The Magdalenae Room,Widmer Brothers Hefeweizen,16.25,
The Magdalenae Room,Cascade Brewing Apricot Ale,6.25,
The Office,Breckenridge Vanilla Porter,14.75,
The Office,Bell’s Two Hearted,27.75,
The Office,Samuel Adams Utopias,9.25,
The Office,Hefeweizen,21.99,
The Office,Dale's Pale Ale,6.5,
The Office,Sierra Nevada Pale Ale,3.0,
The Office,Three Floyds Zombie Dust,4.99,
The Old Seelbach Bar,Budweiser,12.75,
The Old Seelbach Bar,Widmer Brothers Hefeweizen,16.25,
The Old Seelbach Bar,Alpine Great,8.75,
The Old Seelbach Bar,Boulevard Tank 7,24.5,
The Old Seelbach Bar,Russian River Supplication,24.75,
The Old Seelbach Bar,Michelob ULTRA,15.99,
The Old Seelbach Bar,Great Lakes Edmund Fitzgerald Porter,28.99,
The Old Seelbach Bar,Original Premium Lager,19.75,
The Old Seelbach Bar,Revolution Anti-Hero IPA,29.25,
The Old Seelbach Bar,Green Flash Palate Wrecker,8.99,
The Old Seelbach Bar,Kern River Brewing Citra DIPA,9.25,
The Old Seelbach Bar,Russian River Pliny the Elder,9.5,
The Old Seelbach Bar,Brooklyn Brewery Lager,22.0,
The Polo Lounge,Firestone Walker Wookey Jack,18.75,
The Polo Lounge,Left Hand Milk Stout Nitro,27.75,
The Polo Lounge,Three Floyds Zombie Dust,4.99,
The Polo Lounge,Russian River Blind Pig IPA,16.0,
The Polo Lounge,Bell’s Hop Slam,26.0,
The Polo Lounge,Craftsman Cabernale,8.25,
The Polo Lounge,Cascade Brewing Apricot Ale,6.25,
The Polo Lounge,21st Amendment Bitter American,15.75,
The Polo Lounge,North Coast Old Rasputin,12.0,
The Polo Lounge,Zima Citrus,7.25,
The Polo Lounge,Avery Uncle Jacob’s Stout,22.25,
The Polo Lounge,Great Divide Yeti,11.75,
The Polo Lounge,Russian River Supplication,24.75,
The Silver Dollar,Original Premium,19.5,
The Silver Dollar,Pipeworks Citra,27.75,
The Silver Dollar,Wild Heaven Eschaton,24.5,
The Silver Dollar,Ten Fidy,11.25,
The Silver Dollar,AleSmith Horny Devil,6.5,
The Silver Dollar,Killian's,8.0,
The Silver Dollar,Goose Island Bourbon County Stout,19.25,
The Sound Table,Firestone Walker Wookey Jack,18.75,
The Sound Table,Cigar City Hanaphu Imperial Stout,16.0,
The Sound Table,Allagash Curieux,0.75,
The Sound Table,Budweiser,12.75,
The Sound Table,Ten Fidy,11.25,
The Sound Table,Saint Arnold Fancy Lawnmower,14.75,
The Sound Table,Left Hand Milk Stout Nitro,27.75,
The Sound Table,Three Floyds Dark Lord,17.25,
The Upstairs Bar at City Grocery,Gigantic IPA,28.25,
The Upstairs Bar at City Grocery,Lagunitas IPA,14.75,
The Upstairs Bar at City Grocery,Sauza Diablo,26.99,
The Upstairs Bar at City Grocery,Alpine Great,8.75,
The Upstairs Bar at City Grocery,Jester King Boxer’s Revenge,4.5,
The Upstairs Bar at City Grocery,Michelob Golden Draft Light,9.25,
The Upstairs Bar at City Grocery,Hair of the Dog Adam,12.0,
The Upstairs Bar at City Grocery,Great Lakes Edmund Fitzgerald Porter,28.99,
The Velvet Tango Room,New Belgium Fat Tire,21.5,
The Velvet Tango Room,Dark Horse Plead the 5th,18.99,
The Velvet Tango Room,Ballast Point Sculpin,22.25,
The Velvet Tango Room,Allagash White,1.99,
The Velvet Tango Room,Original Premium Lager,19.75,
The Velvet Tango Room,Jolly Pumpkin La Roja,4.0,
The Velvet Tango Room,Brewery Ommegang Three Philosophers,14.0,
The Velvet Tango Room,Cascade Brewing Apricot Ale,6.25,
The Velvet Tango Room,Alpine Great,8.75,
The Violet Hour,Saint Arnold Fancy Lawnmower,14.75,
The Violet Hour,Foothills Brewing Sexual Chocolate,27.25,
The Violet Hour,Founders KBS (Kentucky Breakfast Stout),1.99,
The Violet Hour,Haymarket Angry Birds Rye IPA,28.75,
The Violet Hour,Wicked Weed Serenity,20.5,
The Violet Hour,DC Brau On the Wings Of Armageddon,6.75,
The Violet Hour,Perennial Artisan Ales Abraxas Imperial Stout,20.0,
The Violet Hour,Half Acre Daisy Cutter,11.99,
The Violet Hour,Bud,26.75,
The Violet Hour,Hefeweizen Doppelbock,19.99,
The Violet Hour,Bell’s Two Hearted,27.75,
The Violet Hour,Left Hand Milk Stout Nitro,27.75,
The Violet Hour,Hair of the Dog Adam,12.0,
The Wayland,New Holland Dragon’s Milk,14.25,
The Wayland,NoDa Hop Drop n Roll,9.25,
The Wayland,Deschutes Black Butte Porter,5.0,
The Wayland,Victory Prima Pils,21.99,
The Wayland,ICEHOUSE,11.99,
The Wayland,Pipeworks Citra,27.75,
The Wayland,Michelob Amber Bock,0.5,
The Wayland,Russian River Pliny the Elder,9.5,
The Wayland,Capital Autumnal Fire Doppelbock,22.5,
The Wayland,Allagash White,1.99,
The Wayland,Terrapin Wake n Bake,0.75,
The Whining Pig,Hill Farmstead Everett Porter,2.5,
The Whining Pig,Westbrook Mexican Cake,11.0,
The Whining Pig,Founders KBS (Kentucky Breakfast Stout),1.99,
The Whining Pig,Foothills Brewing Sexual Chocolate,27.25,
The Whining Pig,Revolution Anti-Hero IPA,29.25,
The Whining Pig,Allagash White,1.99,
The Whining Pig,Firestone Walker Union Jack IPA,7.25,
The Whining Pig,Sierra Nevada Bigfoot Barleywine-Style Ale,13.75,
The Whining Pig,North Coast Old Rasputin,12.0,
The Whining Pig,Avery Mephistopheles Stout,9.75,
The Whining Pig,Michelob Golden Draft,9.75,
The Whining Pig,Westbrook Gose,16.75,
Tiki-Ti ,Westbrook Gose,16.75,
Tiki-Ti ,Gigantic IPA,28.25,
Tiki-Ti ,Dark Horse Plead the 5th,18.99,
Tiki-Ti ,Blue Moon,18.75,
Tiki-Ti ,Left Hand Milk Stout Nitro,27.75,
Tiki-Ti ,The Alchemist Heady Topper,16.0,
Tiki-Ti ,Sam Adams Boston Lager,0.25,
Tiki-Ti ,Jai Alai IPA,6.25,
Tiki-Ti ,The Bruery Sans Pagaie,17.75,
Tiki-Ti ,Foothills Brewing Sexual Chocolate,27.25,
Tiki-Ti ,The Alchemist Focal Banger,17.5,
Tiki-Ti ,AleSmith Horny Devil,6.5,
Tiki-Ti ,Southpaw Light,19.25,
Tiki-Ti ,Hair of the Dog Adam,12.0,
Tiki-Ti ,Green Flash Hop Head Red,10.75,
Vesper Bar,Wild Heaven Eschaton,24.5,
Vesper Bar,Deschutes Black Butte Porter,5.0,
Vesper Bar,Firestone Walker Wookey Jack,18.75,
Vesper Bar,Firestone Walker Velvet Merkin,23.75,
Vesper Bar,The Alchemist Focal Banger,17.5,
Vesper Bar,The Alchemist Heady Topper,16.0,
Vesper Bar,Half Acre Daisy Cutter,11.99,
Vesper Bar,Founders Red’s Rye,4.0,
Vesper Bar,Sauza Diablo,26.99,
Voodoo,AleSmith Horny Devil,6.5,
Voodoo,Dark Horse Plead the 5th,18.99,
Voodoo,Southpaw Light,19.25,
Voodoo,Zima,0.99,
Voodoo,21st Amendment Bitter American,15.75,
Voodoo,Surly Brewing Darkness,12.25,
Voodoo,Goose Island Bourbon County Stout,19.25,
Voodoo,Firestone Walker Velvet Merkin,23.75,
Voodoo,Saint Arnold Fancy Lawnmower,14.75,
Voodoo,Foothills Brewing Sexual Chocolate,27.25,
Voodoo,Clown Shoes Undead Party Crasher,5.0,
Voodoo,Firestone Walker Wookey Jack,18.75,
Weather Up,Troegs Mad Elf,21.75,
Weather Up,New Holland Dragon’s Milk,14.25,
Weather Up,Westbrook Gose,16.75,
Weather Up,Foothills Brewing Sexual Chocolate,27.25,
Weather Up,Saint Arnold Fancy Lawnmower,14.75,
Weather Up,Original Premium Lager,19.75,
Weather Up,The Alchemist Focal Banger,17.5,
Weather Up,Great Lakes Edmund Fitzgerald Porter,28.99,
Weather Up,Sam Adams Boston Lager,0.25,
Weather Up,Jai Alai IPA,6.25,
Weather Up,Hill Farmstead Everett Porter,2.5,
Weather Up,Jolly Pumpkin La Roja,4.0,
Weather Up,Left Hand Milk Stout Nitro,27.75,
Weather Up,North Coast Old Rasputin,12.0,
Weather Up,Firestone Walker Wookey Jack,18.75,
