EmployeeID,StartTime,EndTime,WeekDay,
3T-D3ACD34DF2D9E777,00:00,04:00,Mon-Fri,
3T-D69BDD3FF18420CA,04:00,08:00,Mon-Fri,
3T-C0B4BB90931B9256,08:00,12:00,Mon-Fri,
3T-EE265DFDC3347D9C,12:00,16:00,Mon-Fri,
3T-FC80C3D1BC1CEC74,16:00,20:00,Mon-Fri,
3T-184C6D860C3AF320,00:00,04:00,Sat-Sun,
3T-D72D36092823A07A,04:00,08:00,Sat-Sun,
3T-999240EF51819905,08:00,12:00,Sat-Sun,
3T-C75997A51CF8A9A1,12:00,16:00,Sat-Sun,
3T-D3CA5825D897170C,16:00,20:00,Sat-Sun,
AS-199D5FA93E7316F4,16:00,20:00,Mon-Fri,
AS-B580D5C699F9BD03,20:00,24:00,Mon-Fri,
AS-D3118FB8EC32577E,00:00,04:00,Mon-Fri,
AS-D3FACCDC94F9B982,16:00,20:00,Sat-Sun,
AS-442C9DD210312C9C,20:00,24:00,Sat-Sun,
AS-F09DE8F364603E5A,00:00,04:00,Sat-Sun,
A-13F7FA7B3CDEF0E3,00:00,04:00,Mon-Fri,
A-32C2F64716437055,04:00,08:00,Mon-Fri,
A-DEEF7A7AC1C00187,08:00,12:00,Mon-Fri,
A-0AB6D28F69DD4A2F,12:00,16:00,Mon-Fri,
A-04C380A723365DFD,16:00,20:00,Mon-Fri,
A-1AA4BA61C1FE0BAF,00:00,04:00,Sat-Sun,
A-A271312436ADC660,04:00,08:00,Sat-Sun,
A-F4A0D6FB89882196,08:00,12:00,Sat-Sun,
A-2F109646B6347495,12:00,16:00,Sat-Sun,
A-B6DFBE1647D5D4AB,16:00,20:00,Sat-Sun,
ASL-3B0A4CC863E1DA54,12:00,16:00,Mon-Fri,
ASL-82225920645DD8E0,16:00,20:00,Mon-Fri,
ASL-E682A77EBF763B99,20:00,24:00,Mon-Fri,
ASL-9CDAE09DDEA04610,12:00,16:00,Sat-Sun,
ASL-78058FE000DB53E8,16:00,20:00,Sat-Sun,
ASL-64F9E3E6C5DFA698,20:00,24:00,Sat-Sun,
AB&R-23B17026C20E0FDA,08:00,12:00,Mon-Fri,
AB&R-4445C8104CC62140,12:00,16:00,Mon-Fri,
AB&R-1B68333703090829,08:00,12:00,Sat-Sun,
AB&R-6FC5C8C38DFDA95A,12:00,16:00,Sat-Sun,
A-AC403D8E7B85F352,12:00,16:00,Mon-Fri,
A-DA36A96D998E81F8,16:00,20:00,Mon-Fri,
A-EF057AACEF31E64F,20:00,24:00,Mon-Fri,
A-3DCC0AC59A6A30B5,12:00,16:00,Sat-Sun,
A-24A5139A1FAA158B,16:00,20:00,Sat-Sun,
A-B64D25E039042EB2,20:00,24:00,Sat-Sun,
BR-9D00C23D5760EA96,20:00,24:00,Mon-Fri,
BR-787BFA67252BCFBA,00:00,04:00,Mon-Fri,
BR-E3601DA10B44D220,04:00,08:00,Mon-Fri,
BR-38573195EDA80B88,20:00,24:00,Sat-Sun,
BR-EF5080357C205573,00:00,04:00,Sat-Sun,
BR-EBDF2BFFF3A451A4,04:00,08:00,Sat-Sun,
B-13B9333EFFEC55C4,16:00,20:00,Mon-Fri,
B-BEF1A02E3C234788,20:00,24:00,Mon-Fri,
B-0A20967FCCD8F058,00:00,04:00,Mon-Fri,
B-205484881A00E4BC,16:00,20:00,Sat-Sun,
B-289A43B97450BF01,20:00,24:00,Sat-Sun,
B-AAADB23EF221B246,00:00,04:00,Sat-Sun,
BA-518362E653ADFD43,12:00,16:00,Mon-Fri,
BA-64460C496F386896,16:00,20:00,Mon-Fri,
BA-0CDB30A20E2DA1BF,20:00,24:00,Mon-Fri,
BA-7C67867C1473F10B,12:00,16:00,Sat-Sun,
BA-42F40DEB4DE24774,16:00,20:00,Sat-Sun,
BA-1C76A09E3F49E3BC,20:00,24:00,Sat-Sun,
BC-FDC4D2FB27B4A713,20:00,24:00,Mon-Fri,
BC-BE2EBB29FB6B4516,00:00,04:00,Mon-Fri,
BC-F540D1ED9080E732,04:00,08:00,Mon-Fri,
BC-672A1367A61E3D5E,20:00,24:00,Sat-Sun,
BC-BECD501429DB4C31,00:00,04:00,Sat-Sun,
BC-10011BD9F2F61399,04:00,08:00,Sat-Sun,
BG-C84B7D323A661EEB,16:00,20:00,Mon-Fri,
BG-CCCFCB196842134E,20:00,24:00,Mon-Fri,
BG-22458D314B3661C7,00:00,04:00,Mon-Fri,
BG-9E8E7F2A77897602,16:00,20:00,Sat-Sun,
BG-2E8443F31DF374C2,20:00,24:00,Sat-Sun,
BG-7AD74495A59BCA67,00:00,04:00,Sat-Sun,
BB-6B0DCE17BBF26E6B,00:00,04:00,Mon-Fri,
BB-5A92B259F640431A,04:00,08:00,Mon-Fri,
BB-B044683B108F0B7D,08:00,12:00,Mon-Fri,
BB-2907FCEB64BF0F13,12:00,16:00,Mon-Fri,
BB-3594C2638FD8E82A,16:00,20:00,Mon-Fri,
BB-693954DA3D6BFED8,00:00,04:00,Sat-Sun,
BB-E053FF25539EB251,04:00,08:00,Sat-Sun,
BB-D9CB7DE359809426,08:00,12:00,Sat-Sun,
BB-D25B9C9C5F7B29B9,12:00,16:00,Sat-Sun,
BB-0498C23598B16E1E,16:00,20:00,Sat-Sun,
BTB-7DF5D7977F77DF99,12:00,16:00,Mon-Fri,
BTB-650615DC1639117C,16:00,20:00,Mon-Fri,
BTB-DD09791349BCE5D6,20:00,24:00,Mon-Fri,
BTB-E9510BA16360C8ED,12:00,16:00,Sat-Sun,
BTB-50073AEC9FAAF2BA,16:00,20:00,Sat-Sun,
BTB-7EBB3E1A7CC63938,20:00,24:00,Sat-Sun,
BB-0E91107743677939,12:00,16:00,Mon-Fri,
BB-3D09C33D732C52A2,16:00,20:00,Mon-Fri,
BB-D830E002154A43FE,20:00,24:00,Mon-Fri,
BB-D2E4B4A82698439C,12:00,16:00,Sat-Sun,
BB-BD2C8BFC771BC862,16:00,20:00,Sat-Sun,
BB-13D45418ED6A6215,20:00,24:00,Sat-Sun,
BS-18DA45167A457E5D,12:00,16:00,Mon-Fri,
BS-B6F0B93362B43AE8,16:00,20:00,Mon-Fri,
BS-CFF398431DD5440D,20:00,24:00,Mon-Fri,
BS-4C5F9C499BAA77FF,12:00,16:00,Sat-Sun,
BS-ECBADF9BC9B1645D,16:00,20:00,Sat-Sun,
BS-616EE48149F378E1,20:00,24:00,Sat-Sun,
BHS-5ACA84519AF97F0B,00:00,04:00,Mon-Fri,
BHS-66CB42ED72000802,04:00,08:00,Mon-Fri,
BHS-5A4BE12517F5C0C9,08:00,12:00,Mon-Fri,
BHS-462478B82A2BE395,12:00,16:00,Mon-Fri,
BHS-CE6CC1AE2B5938E6,16:00,20:00,Mon-Fri,
BHS-C5A6925B0E350242,00:00,04:00,Sat-Sun,
BHS-55A5ABE7A95D0F49,04:00,08:00,Sat-Sun,
BHS-DB06A62739362D61,08:00,12:00,Sat-Sun,
BHS-1F7D5069ADBABB6D,12:00,16:00,Sat-Sun,
BHS-F5A60DDF000F3C8B,16:00,20:00,Sat-Sun,
B-6848DC8595D31860,16:00,20:00,Mon-Fri,
B-D5B31D9E7CA3FCDD,20:00,24:00,Mon-Fri,
B-22521C91A4CB7FD8,00:00,04:00,Mon-Fri,
B-CB21579738F6F952,16:00,20:00,Sat-Sun,
B-55297D12AF8C2887,20:00,24:00,Sat-Sun,
B-50FD0EC5266E6EE7,00:00,04:00,Sat-Sun,
BF-BE25CA7B3D722D05,20:00,24:00,Mon-Fri,
BF-CB31B93F4B607B1B,00:00,04:00,Mon-Fri,
BF-0BD530D23F8D6C24,04:00,08:00,Mon-Fri,
BF-63439E20CE52B823,20:00,24:00,Sat-Sun,
BF-CFD23A518D271C14,00:00,04:00,Sat-Sun,
BF-7A1C61E5DD38C12A,04:00,08:00,Sat-Sun,
BA-97BF83C640327D7A,20:00,24:00,Mon-Fri,
BA-B4BA6E11527B2F06,00:00,04:00,Mon-Fri,
BA-5B59450CD993A01A,04:00,08:00,Mon-Fri,
BA-D599CE405DFBFF49,20:00,24:00,Sat-Sun,
BA-C8850FB241817039,00:00,04:00,Sat-Sun,
BA-8EF0BE412ED9198E,04:00,08:00,Sat-Sun,
BT-00C2FFC81C7B46DB,20:00,24:00,Mon-Fri,
BT-7CF4A06414A81A2D,00:00,04:00,Mon-Fri,
BT-13DD44F9E9623B2A,04:00,08:00,Mon-Fri,
BT-A7A4DD4AE78F2318,20:00,24:00,Sat-Sun,
BT-1C3AD2925DBACA1B,00:00,04:00,Sat-Sun,
BT-061AEA7D315B71B9,04:00,08:00,Sat-Sun,
BA-D6E7F56FC8A108A2,16:00,20:00,Mon-Fri,
BA-558B32CDE8914468,20:00,24:00,Mon-Fri,
BA-3A7CCA77129F159A,00:00,04:00,Mon-Fri,
BA-3303175D035243F1,16:00,20:00,Sat-Sun,
BA-674DCA6B54188A4E,20:00,24:00,Sat-Sun,
BA-070379B79ED5B347,00:00,04:00,Sat-Sun,
BS-CD32B5CF077B5746,00:00,04:00,Mon-Fri,
BS-767127933AE6055F,04:00,08:00,Mon-Fri,
BS-F06012075BDD5663,08:00,12:00,Mon-Fri,
BS-D86AE50290F76060,12:00,16:00,Mon-Fri,
BS-FC734F055F75EF84,16:00,20:00,Mon-Fri,
BS-B510A6959333160A,00:00,04:00,Sat-Sun,
BS-9BF882F551AC47C6,04:00,08:00,Sat-Sun,
BS-4D1296303C9B97EB,08:00,12:00,Sat-Sun,
BS-2B5A5BF07AF6377C,12:00,16:00,Sat-Sun,
BS-75412DD5A765C3C9,16:00,20:00,Sat-Sun,
C-4AEDAFD3F382A5AE,12:00,16:00,Mon-Fri,
C-32093D71E8239716,16:00,20:00,Mon-Fri,
C-67C8DCB4DA9FBEBA,20:00,24:00,Mon-Fri,
C-16C2D63C04686EC8,12:00,16:00,Sat-Sun,
C-5AA9DDC710F42F97,16:00,20:00,Sat-Sun,
C-C6BACA1F0E2713B2,20:00,24:00,Sat-Sun,
C-8CD3766919AF5599,12:00,16:00,Mon-Fri,
C-30F067A383AE1291,16:00,20:00,Mon-Fri,
C-91A802AF6FAC1FA2,20:00,24:00,Mon-Fri,
C-79A582CE93F95A90,12:00,16:00,Sat-Sun,
C-F2E52FE9F7F72D8F,16:00,20:00,Sat-Sun,
C-767FC755234E438A,20:00,24:00,Sat-Sun,
C-419126B57274E9A3,00:00,04:00,Mon-Fri,
C-E16BDB71DDA39773,04:00,08:00,Mon-Fri,
C-AA182215B02DC593,08:00,12:00,Mon-Fri,
C-1BBA09ACBF13E789,12:00,16:00,Mon-Fri,
C-116E8B9F80611ABB,16:00,20:00,Mon-Fri,
C-A68E47610813756A,00:00,04:00,Sat-Sun,
C-E79B8105A70376D0,04:00,08:00,Sat-Sun,
C-49343CA844C7BEE5,08:00,12:00,Sat-Sun,
C-66F7B010FACA2750,12:00,16:00,Sat-Sun,
C-CB3C7A47367467C7,16:00,20:00,Sat-Sun,
CWAS-C63F6579CE2C1B84,12:00,16:00,Mon-Fri,
CWAS-CEA2C77F8D9E3703,16:00,20:00,Mon-Fri,
CWAS-DA89E18E616D1F55,20:00,24:00,Mon-Fri,
CWAS-6377A454B0B0ABBD,12:00,16:00,Sat-Sun,
CWAS-6BFAD65996CE4A81,16:00,20:00,Sat-Sun,
CWAS-A9417675519E8792,20:00,24:00,Sat-Sun,
CC-68A32D24BB19CD97,08:00,12:00,Mon-Fri,
CC-43C72AE5E9BDD723,12:00,16:00,Mon-Fri,
CC-F789FB515020A4F3,08:00,12:00,Sat-Sun,
CC-BFD4CD2218B57DD1,12:00,16:00,Sat-Sun,
C1-E1A4F469735AB42A,16:00,20:00,Mon-Fri,
C1-135C20510216D5DC,20:00,24:00,Mon-Fri,
C1-029A5DBD884CD4A8,00:00,04:00,Mon-Fri,
C1-514051D6B825B5CC,16:00,20:00,Sat-Sun,
C1-F9A80CD06C3847C4,20:00,24:00,Sat-Sun,
C1-E9CB65113DC52448,00:00,04:00,Sat-Sun,
CNM-A86BE987D6719BE2,20:00,24:00,Mon-Fri,
CNM-0BB469D7BE6E0C03,00:00,04:00,Mon-Fri,
CNM-7741CA2AAC06FD54,04:00,08:00,Mon-Fri,
CNM-CB529993DF7CCB59,20:00,24:00,Sat-Sun,
CNM-14FF11BE07898A2B,00:00,04:00,Sat-Sun,
CNM-CC8B12E9F60326D3,04:00,08:00,Sat-Sun,
CC-2E42F18A6FB21898,12:00,16:00,Mon-Fri,
CC-59925B4D5D6FD5D6,16:00,20:00,Mon-Fri,
CC-DB70A96419DA9CF5,20:00,24:00,Mon-Fri,
CC-32172A4DD38A0C02,12:00,16:00,Sat-Sun,
CC-9059FFFE3B216C66,16:00,20:00,Sat-Sun,
CC-A684F0B670B72BD8,20:00,24:00,Sat-Sun,
CWCL-2877157B59F21340,00:00,04:00,Mon-Fri,
CWCL-4BFB6A8B1AC39B37,04:00,08:00,Mon-Fri,
CWCL-08BCF4C552302FD4,08:00,12:00,Mon-Fri,
CWCL-8BC44370074090B3,12:00,16:00,Mon-Fri,
CWCL-6B9BCC6BCA13C109,16:00,20:00,Mon-Fri,
CWCL-3A34DEBFB0F29BB9,00:00,04:00,Sat-Sun,
CWCL-69FE57024699B0BA,04:00,08:00,Sat-Sun,
CWCL-C7501518FC4AEA60,08:00,12:00,Sat-Sun,
CWCL-FC80545C056D1875,12:00,16:00,Sat-Sun,
CWCL-3AF58AD57055292A,16:00,20:00,Sat-Sun,
D-69C22F9C520B2148,08:00,12:00,Mon-Fri,
D-D629EAAA9C3DD792,12:00,16:00,Mon-Fri,
D-8D74A9BF8B443248,08:00,12:00,Sat-Sun,
D-1E2D74003D350FD2,12:00,16:00,Sat-Sun,
DTO-DCEA116EBEF90466,20:00,24:00,Mon-Fri,
DTO-8297377A944DB803,00:00,04:00,Mon-Fri,
DTO-4851EFF212FBA729,04:00,08:00,Mon-Fri,
DTO-183211255DA9F656,20:00,24:00,Sat-Sun,
DTO-8B3513FBBB30951D,00:00,04:00,Sat-Sun,
DTO-5C74909CED23231C,04:00,08:00,Sat-Sun,
D+C-5729E0289FFFFF47,20:00,24:00,Mon-Fri,
D+C-BDD6E915304EC1D2,00:00,04:00,Mon-Fri,
D+C-333A5F312B146DF2,04:00,08:00,Mon-Fri,
D+C-02C8503AFA96EAC4,20:00,24:00,Sat-Sun,
D+C-A8DB058919FC3A4D,00:00,04:00,Sat-Sun,
D+C-6C09D1361C2E9352,04:00,08:00,Sat-Sun,
DR-F5BC5A4200AE9A67,12:00,16:00,Mon-Fri,
DR-E69F16D9A5EDC2E8,16:00,20:00,Mon-Fri,
DR-E4DB8519B993FFEA,20:00,24:00,Mon-Fri,
DR-C45C36EA152C5EB7,12:00,16:00,Sat-Sun,
DR-BCD88B99DF0C60D5,16:00,20:00,Sat-Sun,
DR-932822EDB07719F7,20:00,24:00,Sat-Sun,
D-F38F46142FA1332E,12:00,16:00,Mon-Fri,
D-E6BE1E9ECB293B9B,16:00,20:00,Mon-Fri,
D-4E196CE038F4B9AF,20:00,24:00,Mon-Fri,
D-ED25ADE08B35DB1E,12:00,16:00,Sat-Sun,
D-48123CDA361C463B,16:00,20:00,Sat-Sun,
D-C36F94EF1CDF9DC0,20:00,24:00,Sat-Sun,
D-3EAFF0964DB93555,00:00,04:00,Mon-Fri,
D-53545FADA1C0AA90,04:00,08:00,Mon-Fri,
D-AF6B329FC1D7DBE7,08:00,12:00,Mon-Fri,
D-3622D599CD89514B,12:00,16:00,Mon-Fri,
D-5662D73AC50B1145,16:00,20:00,Mon-Fri,
D-6120AFF68B4D052A,00:00,04:00,Sat-Sun,
D-11D86A469F6AA538,04:00,08:00,Sat-Sun,
D-0EA0911CA3F4F3CF,08:00,12:00,Sat-Sun,
D-207BE313DD3AB1FC,12:00,16:00,Sat-Sun,
D-6FE956EDB8A3A18F,16:00,20:00,Sat-Sun,
D&G-58FD159388C9675D,16:00,20:00,Mon-Fri,
D&G-F2FFEB73EC15C55F,20:00,24:00,Mon-Fri,
D&G-F63ECD15C31CD168,00:00,04:00,Mon-Fri,
D&G-86D4B0973378C4F6,16:00,20:00,Sat-Sun,
D&G-054C3C27D3FE0AA2,20:00,24:00,Sat-Sun,
D&G-5A4370B5FFA11DAE,00:00,04:00,Sat-Sun,
DK-37FDD32F11ACDC9D,08:00,12:00,Mon-Fri,
DK-71D7DA02565F937F,12:00,16:00,Mon-Fri,
DK-5D0AB89B25974341,08:00,12:00,Sat-Sun,
DK-5BDAC0FE0F73E10C,12:00,16:00,Sat-Sun,
EO-78FFAB90EAE43E8E,16:00,20:00,Mon-Fri,
EO-8726B2872E7DEAE2,20:00,24:00,Mon-Fri,
EO-30FCDE17E5EA032D,00:00,04:00,Mon-Fri,
EO-A69A1FE9ED24AA78,16:00,20:00,Sat-Sun,
EO-F524478729A07D36,20:00,24:00,Sat-Sun,
EO-9B59CC6847D67D7F,00:00,04:00,Sat-Sun,
E-1BA0FBB7A29CF84A,16:00,20:00,Mon-Fri,
E-8227AB3B6DFA1C18,20:00,24:00,Mon-Fri,
E-E7F033321577B4B4,00:00,04:00,Mon-Fri,
E-D82B9D2FF84B5B09,16:00,20:00,Sat-Sun,
E-212A2BC45ECF80A0,20:00,24:00,Sat-Sun,
E-6C310D2326CDCF7C,00:00,04:00,Sat-Sun,
ERB-B4DF4569EF9EE9D0,20:00,24:00,Mon-Fri,
ERB-BB758D733BB07193,00:00,04:00,Mon-Fri,
ERB-630B1E58E9718330,04:00,08:00,Mon-Fri,
ERB-C784B6AB4758900F,20:00,24:00,Sat-Sun,
ERB-A7554CEC3B83B2A9,00:00,04:00,Sat-Sun,
ERB-072BDF32CFA36005,04:00,08:00,Sat-Sun,
F7-3A9944EA9A35A89C,08:00,12:00,Mon-Fri,
F7-502F22DE368E37F7,12:00,16:00,Mon-Fri,
F7-6E24574071458882,08:00,12:00,Sat-Sun,
F7-E57289076B7ED90A,12:00,16:00,Sat-Sun,
G-77FCF8F0DDC5A3DB,20:00,24:00,Mon-Fri,
G-BFE22D89EF5A2204,00:00,04:00,Mon-Fri,
G-E4F341EB0FB1A606,04:00,08:00,Mon-Fri,
G-C8C06AEBD926FAD0,20:00,24:00,Sat-Sun,
G-5125CBA7BFB0F0FF,00:00,04:00,Sat-Sun,
G-D6EC88559AF882A6,04:00,08:00,Sat-Sun,
GG-7EE1F4B353B42C2A,00:00,04:00,Mon-Fri,
GG-F07B5A405E562DFE,04:00,08:00,Mon-Fri,
GG-8E6353F50CC6AA5A,08:00,12:00,Mon-Fri,
GG-71FD0A3ABB25C7FC,12:00,16:00,Mon-Fri,
GG-6E13B60DB1A6F4D3,16:00,20:00,Mon-Fri,
GG-BA490262C1BB05F6,00:00,04:00,Sat-Sun,
GG-0C5E2D97BB963461,04:00,08:00,Sat-Sun,
GG-2175CB6A717FA7D2,08:00,12:00,Sat-Sun,
GG-B5D0F82A5FF2CE7E,12:00,16:00,Sat-Sun,
GG-B37984B600E02C1D,16:00,20:00,Sat-Sun,
G&D-A1FD4B65BC8FA1DC,08:00,12:00,Mon-Fri,
G&D-4CC23A7CA6537F02,12:00,16:00,Mon-Fri,
G&D-B1840070474E4B71,08:00,12:00,Sat-Sun,
G&D-1B86858D16EFFE96,12:00,16:00,Sat-Sun,
GHL-25C7365C1BD9769D,08:00,12:00,Mon-Fri,
GHL-8BECAED2BD10B6E2,12:00,16:00,Mon-Fri,
GHL-FFEBE159165822F0,08:00,12:00,Sat-Sun,
GHL-BC3D6FCB18DA3784,12:00,16:00,Sat-Sun,
GGJ&MB-1234ADC44A5FF228,08:00,12:00,Mon-Fri,
GGJ&MB-6E0D8A1D424D8C69,12:00,16:00,Mon-Fri,
GGJ&MB-8045F2E567BDB680,08:00,12:00,Sat-Sun,
GGJ&MB-2A3C61887C2469D0,12:00,16:00,Sat-Sun,
HS-3C608712B1292977,20:00,24:00,Mon-Fri,
HS-CC8BBD9954557E79,00:00,04:00,Mon-Fri,
HS-7ADD4C2064492D9F,04:00,08:00,Mon-Fri,
HS-7DF95A700E24F175,20:00,24:00,Sat-Sun,
HS-82F9EB117D22F86B,00:00,04:00,Sat-Sun,
HS-8F715D1792E55208,04:00,08:00,Sat-Sun,
HC-0A8BE8413A87C5C0,08:00,12:00,Mon-Fri,
HC-BAF728654FFDD382,12:00,16:00,Mon-Fri,
HC-215858CBF9057AAB,08:00,12:00,Sat-Sun,
HC-CDB5ECFD29AE218B,12:00,16:00,Sat-Sun,
H&FPH-03993FA5B0A02B74,08:00,12:00,Mon-Fri,
H&FPH-D45AA40B6FB9A126,12:00,16:00,Mon-Fri,
H&FPH-CD256A8E38622893,08:00,12:00,Sat-Sun,
H&FPH-9E5C1BDE6F879E34,12:00,16:00,Sat-Sun,
IF-9B71A4F5644E0E9E,08:00,12:00,Mon-Fri,
IF-64EAD34D5949ACE7,12:00,16:00,Mon-Fri,
IF-0FF909CFA961E394,08:00,12:00,Sat-Sun,
IF-0824196F48A4A4C3,12:00,16:00,Sat-Sun,
J-25FECF21EE4F13D6,00:00,04:00,Mon-Fri,
J-F5FB635EB98A1CB0,04:00,08:00,Mon-Fri,
J-470B38C475B2F37A,08:00,12:00,Mon-Fri,
J-03955B2B15816011,12:00,16:00,Mon-Fri,
J-02FD06CC78C28F5C,16:00,20:00,Mon-Fri,
J-15FD4FF1BC70E177,00:00,04:00,Sat-Sun,
J-55B97B2AAF1EA132,04:00,08:00,Sat-Sun,
J-FEA0E3748EF6BBE6,08:00,12:00,Sat-Sun,
J-CC6C8461DE7B0A2B,12:00,16:00,Sat-Sun,
J-EA4CF4AB6D064FA8,16:00,20:00,Sat-Sun,
K-5B0B3DE228253F54,12:00,16:00,Mon-Fri,
K-3F60D05430B7194F,16:00,20:00,Mon-Fri,
K-EAE2118E9434430F,20:00,24:00,Mon-Fri,
K-D84DCA5E6DB520CE,12:00,16:00,Sat-Sun,
K-F068ED9E284D1B4B,16:00,20:00,Sat-Sun,
K-F128E95B8D7B7E66,20:00,24:00,Sat-Sun,
KCB-C708758D797B5E61,08:00,12:00,Mon-Fri,
KCB-07B9D5A619F43058,12:00,16:00,Mon-Fri,
KCB-A77EE8375B8AF67B,08:00,12:00,Sat-Sun,
KCB-A052B926CEB2112E,12:00,16:00,Sat-Sun,
KTRL-0A29966D4D1465DA,20:00,24:00,Mon-Fri,
KTRL-68177D87DDE1E0B6,00:00,04:00,Mon-Fri,
KTRL-B785013A529058C7,04:00,08:00,Mon-Fri,
KTRL-E560E2C6E2E67631,20:00,24:00,Sat-Sun,
KTRL-A75788D3BEE5C3D7,00:00,04:00,Sat-Sun,
KTRL-D8654F8B842BBF7F,04:00,08:00,Sat-Sun,
L-40345CABC1C833C6,08:00,12:00,Mon-Fri,
L-B16C227C2E9A9AB3,12:00,16:00,Mon-Fri,
L-F2DDE0D02E2E6CB2,08:00,12:00,Sat-Sun,
L-0AE7E78FC4FDD99F,12:00,16:00,Sat-Sun,
LL-DF3170BBECB43A83,00:00,04:00,Mon-Fri,
LL-2F0864E6331E8A91,04:00,08:00,Mon-Fri,
LL-7E8024627522911A,08:00,12:00,Mon-Fri,
LL-E00C3B6BB439BF4C,12:00,16:00,Mon-Fri,
LL-9A96DB5B3142B7E2,16:00,20:00,Mon-Fri,
LL-78182FBA46DCEB0B,00:00,04:00,Sat-Sun,
LL-9F4AA5D72882C029,04:00,08:00,Sat-Sun,
LL-F65049F08F56CADC,08:00,12:00,Sat-Sun,
LL-2E0F6182BBA954A8,12:00,16:00,Sat-Sun,
LL-A76E28A6D9716FEE,16:00,20:00,Sat-Sun,
M-A8764712B2418FC9,12:00,16:00,Mon-Fri,
M-DAC6D1B11F945FCC,16:00,20:00,Mon-Fri,
M-3AE483944B2F97D6,20:00,24:00,Mon-Fri,
M-7B91A11E543B0389,12:00,16:00,Sat-Sun,
M-4D9427381489A9E0,16:00,20:00,Sat-Sun,
M-8D97C71CD5BC3591,20:00,24:00,Sat-Sun,
MTB-40CFC529AFB80B77,16:00,20:00,Mon-Fri,
MTB-FBC0D805631F6FBA,20:00,24:00,Mon-Fri,
MTB-7579055328F18D9A,00:00,04:00,Mon-Fri,
MTB-D9986BE515438EF4,16:00,20:00,Sat-Sun,
MTB-1BCDC77B3ECA4975,20:00,24:00,Sat-Sun,
MTB-485356929DB427C9,00:00,04:00,Sat-Sun,
MB-1AFF3227DB3986A8,08:00,12:00,Mon-Fri,
MB-B5E8BBAAF5BA906D,12:00,16:00,Mon-Fri,
MB-DED37E119B97789B,08:00,12:00,Sat-Sun,
MB-66558381A2C45895,12:00,16:00,Sat-Sun,
MPH-B6D4C5F04D8BC941,16:00,20:00,Mon-Fri,
MPH-4FA11D61552F4E84,20:00,24:00,Mon-Fri,
MPH-2EE90AD333111C52,00:00,04:00,Mon-Fri,
MPH-3B4402D32F4F625C,16:00,20:00,Sat-Sun,
MPH-2EDF62D1C91955EF,20:00,24:00,Sat-Sun,
MPH-DBE4DF0DCAEC1D2B,00:00,04:00,Sat-Sun,
MR-FB2803986D3DC305,08:00,12:00,Mon-Fri,
MR-4A2700FA0E369C75,12:00,16:00,Mon-Fri,
MR-F01204FC0B7BCA83,08:00,12:00,Sat-Sun,
MR-96623C0B3A1B972F,12:00,16:00,Sat-Sun,
MDCB-31C95CAEC3D5DF23,16:00,20:00,Mon-Fri,
MDCB-DA5CA00316A0D5BC,20:00,24:00,Mon-Fri,
MDCB-C48FBA7C405BBBEE,00:00,04:00,Mon-Fri,
MDCB-DC9402AE066F4905,16:00,20:00,Sat-Sun,
MDCB-8A329DDDC76F0E42,20:00,24:00,Sat-Sun,
MDCB-77C350A87965C826,00:00,04:00,Sat-Sun,
MS-D49A5688C6FDDACC,20:00,24:00,Mon-Fri,
MS-7DCD0C03C9684D93,00:00,04:00,Mon-Fri,
MS-2F85F24D145BA34B,04:00,08:00,Mon-Fri,
MS-B819F44E33F68D5E,20:00,24:00,Sat-Sun,
MS-FC41DA1C3B262AA6,00:00,04:00,Sat-Sun,
MS-69924F839EE95981,04:00,08:00,Sat-Sun,
MWL-1A8463868498223E,16:00,20:00,Mon-Fri,
MWL-A1B6A324855CECB0,20:00,24:00,Mon-Fri,
MWL-ABC856045DC56AE1,00:00,04:00,Mon-Fri,
MWL-F9A9E01E46C41F31,16:00,20:00,Sat-Sun,
MWL-7A32D32CB01BF8BD,20:00,24:00,Sat-Sun,
MWL-5049BE191D97E233,00:00,04:00,Sat-Sun,
NVATJH-E23DB98FF4ABAB57,20:00,24:00,Mon-Fri,
NVATJH-0F9542D3519300AA,00:00,04:00,Mon-Fri,
NVATJH-4B08C66B0656E931,04:00,08:00,Mon-Fri,
NVATJH-6DCF4D8A92ADD436,20:00,24:00,Sat-Sun,
NVATJH-A8CBF4A34CFA5431,00:00,04:00,Sat-Sun,
NVATJH-A2537654EDDB1520,04:00,08:00,Sat-Sun,
O-46A84E450CA5A849,00:00,04:00,Mon-Fri,
O-D19A4F14C4C6D0EE,04:00,08:00,Mon-Fri,
O-898831C5E1E2D47D,08:00,12:00,Mon-Fri,
O-7E3695676923B3A5,12:00,16:00,Mon-Fri,
O-9B5320873E0F8036,16:00,20:00,Mon-Fri,
O-1656BE6DFF7DB5EA,00:00,04:00,Sat-Sun,
O-8D28F5F87579035F,04:00,08:00,Sat-Sun,
O-95FC7A5A6EFEBA6D,08:00,12:00,Sat-Sun,
O-DF934BA03360D4C4,12:00,16:00,Sat-Sun,
O-76BBDB89D6EF966A,16:00,20:00,Sat-Sun,
OEG-B41F375E65D8B599,08:00,12:00,Mon-Fri,
OEG-69D88D5B7D09C495,12:00,16:00,Mon-Fri,
OEG-4A26A17358E55E86,08:00,12:00,Sat-Sun,
OEG-96E1B6B0448CD8C1,12:00,16:00,Sat-Sun,
P-E4F6F3874A05E208,12:00,16:00,Mon-Fri,
P-253CBB880C655DF4,16:00,20:00,Mon-Fri,
P-3805E0A4C99278DE,20:00,24:00,Mon-Fri,
P-84F0945F0448912B,12:00,16:00,Sat-Sun,
P-663AD78426ADFE37,16:00,20:00,Sat-Sun,
P-CC96E50D66BBEDF0,20:00,24:00,Sat-Sun,
PP-51C7C248192174DC,16:00,20:00,Mon-Fri,
PP-A1BB553C60CD03B4,20:00,24:00,Mon-Fri,
PP-424AEA843E820489,00:00,04:00,Mon-Fri,
PP-C3965D4608B3DD87,16:00,20:00,Sat-Sun,
PP-7B0CED491CF28351,20:00,24:00,Sat-Sun,
PP-10E2EB8B615581CA,00:00,04:00,Sat-Sun,
PS-B0594B6BE54D2A3E,08:00,12:00,Mon-Fri,
PS-7FC529E8C2980F1A,12:00,16:00,Mon-Fri,
PS-CEC2B2AF1D4FB520,08:00,12:00,Sat-Sun,
PS-75F3CB3B4E76A91E,12:00,16:00,Sat-Sun,
P-9C1561A826CD6127,20:00,24:00,Mon-Fri,
P-E97BD12E29DD6EAF,00:00,04:00,Mon-Fri,
P-C2B873D2C62AF52E,04:00,08:00,Mon-Fri,
P-5DF3D9BFE158C1C7,20:00,24:00,Sat-Sun,
P-AA1F3CF16B08E8BF,00:00,04:00,Sat-Sun,
P-3313D7D5383E110C,04:00,08:00,Sat-Sun,
P-B5A3CCF08D37B10F,08:00,12:00,Mon-Fri,
P-F9DC87D50EFAF9FC,12:00,16:00,Mon-Fri,
P-CFF40A75BFCAD07A,08:00,12:00,Sat-Sun,
P-A475FFD18029B885,12:00,16:00,Sat-Sun,
R-F0DBB3D669E2FB85,12:00,16:00,Mon-Fri,
R-6AC81147CD90809F,16:00,20:00,Mon-Fri,
R-49DA5DB29CD9FF43,20:00,24:00,Mon-Fri,
R-804538248570FC14,12:00,16:00,Sat-Sun,
R-BDF4BF520B9E0A7E,16:00,20:00,Sat-Sun,
R-1B54FC914873945D,20:00,24:00,Sat-Sun,
R-C41BA189F282E203,12:00,16:00,Mon-Fri,
R-59ECE71BD52020B4,16:00,20:00,Mon-Fri,
R-289E5190BC6E7B70,20:00,24:00,Mon-Fri,
R-4782B09EE53F06E8,12:00,16:00,Sat-Sun,
R-502C85D597B2D0B8,16:00,20:00,Sat-Sun,
R-85DB1DF04DD4766A,20:00,24:00,Sat-Sun,
R&R-81A343B2BAE79104,00:00,04:00,Mon-Fri,
R&R-894720A857CFD274,04:00,08:00,Mon-Fri,
R&R-E3B60EAA32869376,08:00,12:00,Mon-Fri,
R&R-DFF6C2EA63300873,12:00,16:00,Mon-Fri,
R&R-BDB77A5106B474D8,16:00,20:00,Mon-Fri,
R&R-5D7BBB0FE5C54F50,00:00,04:00,Sat-Sun,
R&R-336541FB4B9999E0,04:00,08:00,Sat-Sun,
R&R-2C4E4200B6DF49E2,08:00,12:00,Sat-Sun,
R&R-9F101A8A5E225147,12:00,16:00,Sat-Sun,
R&R-75FAE868E30496F2,16:00,20:00,Sat-Sun,
RKT-D33AEF4590F4184D,20:00,24:00,Mon-Fri,
RKT-EAC12B57DC0E2455,00:00,04:00,Mon-Fri,
RKT-AFE82C76EB5F7365,04:00,08:00,Mon-Fri,
RKT-2D78F41FFFB651D8,20:00,24:00,Sat-Sun,
RKT-E84319287A7AADFE,00:00,04:00,Sat-Sun,
RKT-545FF4BC6D52611D,04:00,08:00,Sat-Sun,
R1-7015B7B363643FB1,20:00,24:00,Mon-Fri,
R1-8486C32B9B2E5730,00:00,04:00,Mon-Fri,
R1-E124DC2745B7E07D,04:00,08:00,Mon-Fri,
R1-FE571D036BA02DD5,20:00,24:00,Sat-Sun,
R1-3D3AD93E5EEA3099,00:00,04:00,Sat-Sun,
R1-3D3AD93E5EEA3099,04:00,08:00,Sat-Sun,
SDS-EDC9D01CA839EBD1,20:00,24:00,Mon-Fri,
SDS-0A329414F6E0E126,00:00,04:00,Mon-Fri,
SDS-6A3021B34E519B75,04:00,08:00,Mon-Fri,
SDS-5663854C294239B8,20:00,24:00,Sat-Sun,
SDS-3C5420FDB7F46DF2,00:00,04:00,Sat-Sun,
SDS-7AA0324CF93793E4,04:00,08:00,Sat-Sun,
SS-CB5226648829EF61,16:00,20:00,Mon-Fri,
SS-249623DBCC532DDD,20:00,24:00,Mon-Fri,
SS-FD253FEFB1806B77,00:00,04:00,Mon-Fri,
SS-6A92523276E0057B,16:00,20:00,Sat-Sun,
SS-1254024140C649ED,20:00,24:00,Sat-Sun,
SS-20BD3DE3744BADF1,00:00,04:00,Sat-Sun,
SB-A279DE3282310463,08:00,12:00,Mon-Fri,
SB-A6C1BC86F87DBD0E,12:00,16:00,Mon-Fri,
SB-CDDE7EB3E7D39F59,08:00,12:00,Sat-Sun,
SB-CE3DC2772F7F0DFD,12:00,16:00,Sat-Sun,
S-F70F53FFEE1DC1C9,12:00,16:00,Mon-Fri,
S-FAC2C051BF8B11E4,16:00,20:00,Mon-Fri,
S-94670870B0CA5B17,20:00,24:00,Mon-Fri,
S-0BF174060372FC31,12:00,16:00,Sat-Sun,
S-E782B66A048FDAFB,16:00,20:00,Sat-Sun,
S-500B903786A1FE0A,20:00,24:00,Sat-Sun,
SB-366BF736282199AC,00:00,04:00,Mon-Fri,
SB-4DD76ADA8A865897,04:00,08:00,Mon-Fri,
SB-B5EDA650BB7ECCAD,08:00,12:00,Mon-Fri,
SB-4A243ABB33C05B14,12:00,16:00,Mon-Fri,
SB-9D85F49BE1770D42,16:00,20:00,Mon-Fri,
SB-994795AFDF0AE3D8,00:00,04:00,Sat-Sun,
SB-B59EF0FC7C7FAD6D,04:00,08:00,Sat-Sun,
SB-D8B4D7F1D9D50607,08:00,12:00,Sat-Sun,
SB-F5652D3FCABC8CEF,12:00,16:00,Sat-Sun,
SB-E9282501DA36791D,16:00,20:00,Sat-Sun,
SS-FAC75C91725D8A6A,08:00,12:00,Mon-Fri,
SS-C0107261F4584301,12:00,16:00,Mon-Fri,
SS-4441E840196AF216,08:00,12:00,Sat-Sun,
SS-F87454B98E9E5A7A,12:00,16:00,Sat-Sun,
S-F4817A3D3B9F1281,20:00,24:00,Mon-Fri,
S-99954B4F2C1E863C,00:00,04:00,Mon-Fri,
S-8DDDDEA566EBF664,04:00,08:00,Mon-Fri,
S-66D6DDA689ACA502,20:00,24:00,Sat-Sun,
S-0498D584DF719C9D,00:00,04:00,Sat-Sun,
S-35B13451FED74AC3,04:00,08:00,Sat-Sun,
SM-707EAF8CF120B389,16:00,20:00,Mon-Fri,
SM-D69687B603684124,20:00,24:00,Mon-Fri,
SM-66B940E124013B89,00:00,04:00,Mon-Fri,
SM-7AF20A4319B929C8,16:00,20:00,Sat-Sun,
SM-F71AA8ED38045843,20:00,24:00,Sat-Sun,
SM-0F7B22CF4619BF75,00:00,04:00,Sat-Sun,
S-C8D59493D6AB356C,16:00,20:00,Mon-Fri,
S-C8D59493D6AB356C,20:00,24:00,Mon-Fri,
S-C8D59493D6AB356C,00:00,04:00,Mon-Fri,
S-C8D59493D6AB356C,16:00,20:00,Sat-Sun,
S-C8D59493D6AB356C,20:00,24:00,Sat-Sun,
S-C8D59493D6AB356C,00:00,04:00,Sat-Sun,
S-C8D59493D6AB356C,16:00,20:00,Mon-Fri,
S-C8D59493D6AB356C,20:00,24:00,Mon-Fri,
S-C8D59493D6AB356C,00:00,04:00,Mon-Fri,
S-C8D59493D6AB356C,16:00,20:00,Sat-Sun,
S-C8D59493D6AB356C,20:00,24:00,Sat-Sun,
S-C8D59493D6AB356C,00:00,04:00,Sat-Sun,
SL-A5F4FDE526009618,16:00,20:00,Mon-Fri,
SL-E3D079BBB57027B8,20:00,24:00,Mon-Fri,
SL-9288A2137CEE3469,00:00,04:00,Mon-Fri,
SL-43302D69D4CE0BD1,16:00,20:00,Sat-Sun,
SL-F031DA7986B15477,20:00,24:00,Sat-Sun,
SL-FADB10424EF55A3E,00:00,04:00,Sat-Sun,
TBN-BD50B130D1CF3899,20:00,24:00,Mon-Fri,
TBN-896F6AA4CBF9CF3E,00:00,04:00,Mon-Fri,
TBN-CE34261D368FD881,04:00,08:00,Mon-Fri,
TBN-F876474C39C97479,20:00,24:00,Sat-Sun,
TBN-F268A14FE6405DC3,00:00,04:00,Sat-Sun,
TBN-6BCD34FDA7952C10,04:00,08:00,Sat-Sun,
TA-838759EA35B77085,16:00,20:00,Mon-Fri,
TA-A0BD89DC62984AD9,20:00,24:00,Mon-Fri,
TA-811C419CFC333A9A,00:00,04:00,Mon-Fri,
TA-811C419CFC333A9A,16:00,20:00,Sat-Sun,
TA-811C419CFC333A9A,20:00,24:00,Sat-Sun,
TA-811C419CFC333A9A,00:00,04:00,Sat-Sun,
TA-811C419CFC333A9A,08:00,12:00,Mon-Fri,
TA-811C419CFC333A9A,12:00,16:00,Mon-Fri,
TA-811C419CFC333A9A,08:00,12:00,Sat-Sun,
TA-811C419CFC333A9A,12:00,16:00,Sat-Sun,
TB-073B2F9FF40A907E,08:00,12:00,Mon-Fri,
TB-D98C698FD7235CE7,12:00,16:00,Mon-Fri,
TB-5A92DD1DA64FC11C,08:00,12:00,Sat-Sun,
TB-66A9E4662F2B5720,12:00,16:00,Sat-Sun,
TB-66A9E4662F2B5720,20:00,24:00,Mon-Fri,
TB-66A9E4662F2B5720,00:00,04:00,Mon-Fri,
TB-66A9E4662F2B5720,04:00,08:00,Mon-Fri,
TB-66A9E4662F2B5720,20:00,24:00,Sat-Sun,
TB-66A9E4662F2B5720,00:00,04:00,Sat-Sun,
TB-66A9E4662F2B5720,04:00,08:00,Sat-Sun,
TBRATBH-BDCDFC5651BD08D4,20:00,24:00,Mon-Fri,
TBRATBH-60CB2DE44291CB18,00:00,04:00,Mon-Fri,
TBRATBH-D7C28A96F4E59A2E,04:00,08:00,Mon-Fri,
TBRATBH-DBA87A729A05F2BA,20:00,24:00,Sat-Sun,
TBRATBH-68A45AD4C20E60B0,00:00,04:00,Sat-Sun,
TBRATBH-1252D26BF850AAB0,04:00,08:00,Sat-Sun,
TBU-8EBB0EC78336A0E0,16:00,20:00,Mon-Fri,
TBU-202F2EB387C329A1,20:00,24:00,Mon-Fri,
TBU-F34193C52721E272,00:00,04:00,Mon-Fri,
TBU-57692A6FE8CE832D,16:00,20:00,Sat-Sun,
TBU-AE1EDEF090BD17D4,20:00,24:00,Sat-Sun,
TBU-2B8307D09FC07C2E,00:00,04:00,Sat-Sun,
TBC-286C136F55FA5E43,20:00,24:00,Mon-Fri,
TBC-A505F6AE4EA62CE3,00:00,04:00,Mon-Fri,
TBC-4F62B183B67AB378,04:00,08:00,Mon-Fri,
TBC-366825D3AA650C51,20:00,24:00,Sat-Sun,
TBC-A2B79092EF653CC3,00:00,04:00,Sat-Sun,
TBC-9BB8C429CB9D26F8,04:00,08:00,Sat-Sun,
TCB&G-88A523DD2CC83452,16:00,20:00,Mon-Fri,
TCB&G-BD58FDA4D8BD4348,20:00,24:00,Mon-Fri,
TCB&G-73A9C2374B237D73,00:00,04:00,Mon-Fri,
TCB&G-ACF2848F1491CE75,16:00,20:00,Sat-Sun,
TCB&G-F7837CC5785C74D6,20:00,24:00,Sat-Sun,
TCB&G-A4826C33A976402E,00:00,04:00,Sat-Sun,
TCB&G-A4826C33A976402E,20:00,24:00,Mon-Fri,
TCB&G-A4826C33A976402E,00:00,04:00,Mon-Fri,
TCB&G-A4826C33A976402E,04:00,08:00,Mon-Fri,
TCB&G-A4826C33A976402E,20:00,24:00,Sat-Sun,
TCB&G-A4826C33A976402E,00:00,04:00,Sat-Sun,
TCB&G-A4826C33A976402E,04:00,08:00,Sat-Sun,
TDR-67EEEF23CC2DFC14,20:00,24:00,Mon-Fri,
TDR-3A35824182CF3ED2,00:00,04:00,Mon-Fri,
TDR-ED7B4180CA630149,04:00,08:00,Mon-Fri,
TDR-ED7B4180CA630149,20:00,24:00,Sat-Sun,
TDR-ED7B4180CA630149,00:00,04:00,Sat-Sun,
TDR-ED7B4180CA630149,04:00,08:00,Sat-Sun,
TD-4890C6D24853EB9B,00:00,04:00,Mon-Fri,
TD-464533B43B4457DE,04:00,08:00,Mon-Fri,
TD-3B47A2AC63AFAB40,08:00,12:00,Mon-Fri,
TD-3B47A2AC63AFAB40,12:00,16:00,Mon-Fri,
TD-3B47A2AC63AFAB40,16:00,20:00,Mon-Fri,
TD-3B47A2AC63AFAB40,00:00,04:00,Sat-Sun,
TD-3B47A2AC63AFAB40,04:00,08:00,Sat-Sun,
TD-3B47A2AC63AFAB40,08:00,12:00,Sat-Sun,
TD-3B47A2AC63AFAB40,12:00,16:00,Sat-Sun,
TD-3B47A2AC63AFAB40,16:00,20:00,Sat-Sun,
TGITR-B45CB080643E4903,20:00,24:00,Mon-Fri,
TGITR-4AC0E64B84FB7567,00:00,04:00,Mon-Fri,
TGITR-B62F2B7E1F8E6509,04:00,08:00,Mon-Fri,
TGITR-830B929A39146984,20:00,24:00,Sat-Sun,
TGITR-FD393D99BC83EDF2,00:00,04:00,Sat-Sun,
TGITR-FB5738E541366A87,04:00,08:00,Sat-Sun,
TH-3DB1A96484A8FA23,12:00,16:00,Mon-Fri,
TH-5C28F5AD157B8D4A,16:00,20:00,Mon-Fri,
TH-1629256AC4A32BD0,20:00,24:00,Mon-Fri,
TH-8E8F56C8981E282D,12:00,16:00,Sat-Sun,
TH-928308470877BB42,16:00,20:00,Sat-Sun,
TH-91483935F86D05CE,20:00,24:00,Sat-Sun,
TKDC-E1248050C2B69783,00:00,04:00,Mon-Fri,
TKDC-8AAF8DE0316A0ADE,04:00,08:00,Mon-Fri,
TKDC-5B74649D4C0F21CE,08:00,12:00,Mon-Fri,
TKDC-D3BC5FA7B30E20CC,12:00,16:00,Mon-Fri,
TKDC-207B866BDB64004D,16:00,20:00,Mon-Fri,
TKDC-57163095815EB374,00:00,04:00,Sat-Sun,
TKDC-E419FA0BC770CFBF,04:00,08:00,Sat-Sun,
TKDC-A2D02B521A8A3BB3,08:00,12:00,Sat-Sun,
TKDC-C7A6B88216DEBCB7,12:00,16:00,Sat-Sun,
TKDC-55C232BC1FAA5673,16:00,20:00,Sat-Sun,
TMR-03A26E9C43A900D5,20:00,24:00,Mon-Fri,
TMR-DC8E610EFABD8447,00:00,04:00,Mon-Fri,
TMR-ACBE6696440D8ADC,04:00,08:00,Mon-Fri,
TMR-EB1FD5EFD5FD49BC,20:00,24:00,Sat-Sun,
TMR-5E61A35B5197225E,00:00,04:00,Sat-Sun,
TMR-C62A32763E0A22ED,04:00,08:00,Sat-Sun,
TO-0975488DA94034E2,08:00,12:00,Mon-Fri,
TO-858C96227A7548B2,12:00,16:00,Mon-Fri,
TO-711E6D7A8EFD3A20,08:00,12:00,Sat-Sun,
TO-8787AEFC6EE7750F,12:00,16:00,Sat-Sun,
TOSB-8B39FDCA165A9E26,08:00,12:00,Mon-Fri,
TOSB-71B8CB7FC230DC00,12:00,16:00,Mon-Fri,
TOSB-6A52E25DD4A14B4E,08:00,12:00,Sat-Sun,
TOSB-CDF73146F28E3D83,12:00,16:00,Sat-Sun,
TOSB-CDF73146F28E3D83,08:00,12:00,Mon-Fri,
TOSB-CDF73146F28E3D83,12:00,16:00,Mon-Fri,
TOSB-CDF73146F28E3D83,08:00,12:00,Sat-Sun,
TOSB-CDF73146F28E3D83,12:00,16:00,Sat-Sun,
TSD-EFB4A459AD8A52C2,00:00,04:00,Mon-Fri,
TSD-30FA4A8706F124C3,04:00,08:00,Mon-Fri,
TSD-2B79138AFCF5760A,08:00,12:00,Mon-Fri,
TSD-743AB7AB1D19A224,12:00,16:00,Mon-Fri,
TSD-466320E1E4E8A4DF,16:00,20:00,Mon-Fri,
TSD-8476327F36DC37CC,00:00,04:00,Sat-Sun,
TSD-8476327F36DC37CC,04:00,08:00,Sat-Sun,
TSD-8476327F36DC37CC,08:00,12:00,Sat-Sun,
TSD-8476327F36DC37CC,12:00,16:00,Sat-Sun,
TSD-8476327F36DC37CC,16:00,20:00,Sat-Sun,
TST-859C93DE2EE3F35F,20:00,24:00,Mon-Fri,
TST-ED22346395E1064D,00:00,04:00,Mon-Fri,
TST-F4CF43654C503C17,04:00,08:00,Mon-Fri,
TST-DEFFCCE6D0217B7C,20:00,24:00,Sat-Sun,
TST-5E5659450AEFB6AD,00:00,04:00,Sat-Sun,
TST-6D2AD3E4AB813D29,04:00,08:00,Sat-Sun,
TUBACG-F5C20298D157FD74,08:00,12:00,Mon-Fri,
TUBACG-9862F1183048F79E,12:00,16:00,Mon-Fri,
TUBACG-CDCD5A77182567E7,08:00,12:00,Sat-Sun,
TUBACG-954CC86A27D12494,12:00,16:00,Sat-Sun,
TVTR-514604EDD6C2460E,00:00,04:00,Mon-Fri,
TVTR-3D5E1C38CF2A4649,04:00,08:00,Mon-Fri,
TVTR-9DA26831B9BEF8BE,08:00,12:00,Mon-Fri,
TVTR-1C3CE512EE407A35,12:00,16:00,Mon-Fri,
TVTR-780272614FD38C1F,16:00,20:00,Mon-Fri,
TVTR-0FDD9525E3B9A64D,00:00,04:00,Sat-Sun,
TVTR-2E41CBBE98E7796F,04:00,08:00,Sat-Sun,
TVTR-25836FDF6D9F4651,08:00,12:00,Sat-Sun,
TVTR-DC53BCA135A0EC52,12:00,16:00,Sat-Sun,
TVTR-E5CB6D6749C1EFFB,16:00,20:00,Sat-Sun,
TVH-7F8EDD6FC61F92E2,12:00,16:00,Mon-Fri,
TVH-86D570557387BE37,16:00,20:00,Mon-Fri,
TVH-02DB3A5333485338,20:00,24:00,Mon-Fri,
TVH-9563A3FA2DBFED14,12:00,16:00,Sat-Sun,
TVH-3B7B25E6ADEE5243,16:00,20:00,Sat-Sun,
TVH-E47585D293EF02A1,20:00,24:00,Sat-Sun,
TW-3FA47D992CE50F01,20:00,24:00,Mon-Fri,
TW-EC13D84CBD30F198,00:00,04:00,Mon-Fri,
TW-EC13D84CBD30F198,04:00,08:00,Mon-Fri,
TW-EC13D84CBD30F198,20:00,24:00,Sat-Sun,
TW-EC13D84CBD30F198,00:00,04:00,Sat-Sun,
TW-EC13D84CBD30F198,04:00,08:00,Sat-Sun,
TWP-53BEABFA3DF0E9DE,20:00,24:00,Mon-Fri,
TWP-640A5F317253392C,00:00,04:00,Mon-Fri,
TWP-7A7510DCEA8DF6C0,04:00,08:00,Mon-Fri,
TWP-D7938C25C91CBE60,20:00,24:00,Sat-Sun,
TWP-D7938C25C91CBE60,00:00,04:00,Sat-Sun,
TWP-D7938C25C91CBE60,04:00,08:00,Sat-Sun,
TWP-D7938C25C91CBE60,20:00,24:00,Mon-Fri,
TWP-D7938C25C91CBE60,00:00,04:00,Mon-Fri,
TWP-D7938C25C91CBE60,04:00,08:00,Mon-Fri,
TWP-D7938C25C91CBE60,20:00,24:00,Sat-Sun,
TWP-D7938C25C91CBE60,00:00,04:00,Sat-Sun,
TWP-D7938C25C91CBE60,04:00,08:00,Sat-Sun,
VB-927CEB73470C4449,16:00,20:00,Mon-Fri,
VB-1E7E5C2F60F61AE0,20:00,24:00,Mon-Fri,
VB-8DF92361DE969EA0,00:00,04:00,Mon-Fri,
VB-5279FF7D6F75FD39,16:00,20:00,Sat-Sun,
VB-59B79314B24E174A,20:00,24:00,Sat-Sun,
VB-27C912C8ED422580,00:00,04:00,Sat-Sun,
VB-27C912C8ED422580,00:00,04:00,Mon-Fri,
VB-27C912C8ED422580,04:00,08:00,Mon-Fri,
VB-27C912C8ED422580,08:00,12:00,Mon-Fri,
VB-27C912C8ED422580,12:00,16:00,Mon-Fri,
VB-27C912C8ED422580,16:00,20:00,Mon-Fri,
VB-27C912C8ED422580,00:00,04:00,Sat-Sun,
VB-27C912C8ED422580,04:00,08:00,Sat-Sun,
VB-27C912C8ED422580,08:00,12:00,Sat-Sun,
VB-27C912C8ED422580,12:00,16:00,Sat-Sun,
VB-27C912C8ED422580,16:00,20:00,Sat-Sun,
VB-27C912C8ED422580,12:00,16:00,Mon-Fri,
VB-27C912C8ED422580,16:00,20:00,Mon-Fri,
VB-27C912C8ED422580,20:00,24:00,Mon-Fri,
VB-27C912C8ED422580,12:00,16:00,Sat-Sun,
VB-27C912C8ED422580,16:00,20:00,Sat-Sun,
VB-27C912C8ED422580,20:00,24:00,Sat-Sun,
